Amcas_ID,writing_quality,authenticity_and_self_awareness,mission_alignment_service_orientation,adversity_resilience,motivation_depth,intellectual_curiosity,maturity_and_reflection,direct_patient_care_depth,volunteering_depth,community_service_depth,shadowing_depth,clinical_experience_depth,leadership_depth_and_progression,research_depth_and_output,honors_significance,meaningful_vs_checkbox,has_direct_patient_care,has_volunteering,has_community_service,has_shadowing,has_clinical_experience,has_leadership,has_research,has_military_service,has_honors,personal_attributes_insight,adversity_response_quality,reflection_depth,healthcare_experience_quality,research_depth
13149516,4,4,3,4,4,5,4,4,4,4,4,4,5,5,2,5,1,1,1,1,1,1,1,1,1,4,4,4,2,3
13573284,5,5,5,4,5,4,5,4,3,4,0,4,4,5,0,5,1,1,1,0,1,1,1,0,0,4,4,4,3,0
13758705,4,4,3,4,4,3,4,5,4,5,3,5,4,3,0,5,1,1,1,1,1,1,1,0,0,4,4,4,4,2
13843578,5,5,4,4,5,4,5,4,4,4,3,4,2,3,0,5,1,1,1,1,1,1,1,0,0,4,4,4,4,0
13872117,4,5,5,4,5,4,5,4,4,5,4,5,3,3,4,5,1,1,1,1,1,1,1,0,1,4,4,4,4,0
13879646,4,4,3,4,4,3,4,4,3,4,3,5,4,4,0,5,1,1,1,1,1,1,1,0,0,4,4,4,4,3
13897652,3,4,2,5,4,3,4,4,2,3,2,4,4,3,0,4,1,1,1,1,1,1,1,0,0,4,4,3,2,0
14055684,4,5,5,5,5,4,5,4,3,4,4,4,4,5,4,5,1,1,1,1,1,1,1,0,1,4,5,4,4,0
14096447,5,5,4,4,5,5,5,4,4,5,5,5,5,4,2,5,1,1,1,1,1,1,1,0,1,4,4,4,4,0
14120777,4,5,5,4,5,4,5,4,3,4,0,4,4,4,4,5,1,1,1,0,1,1,1,0,1,4,4,4,4,2
14324637,5,5,5,5,5,4,5,4,4,4,4,5,5,5,2,5,1,1,1,1,1,1,1,0,1,4,5,4,3,2
14377664,5,5,5,5,5,4,5,4,4,4,2,5,4,3,0,5,1,1,1,1,1,1,1,0,0,4,4,4,2,0
14468341,5,5,5,4,5,3,5,4,4,4,3,4,4,5,5,5,1,1,1,1,1,1,1,0,1,5,4,5,4,2
14474144,4,4,5,4,4,3,4,4,4,4,3,4,4,4,0,5,1,1,1,1,1,1,1,0,0,4,4,4,2,0
14497213,5,5,3,4,4,4,5,5,4,5,3,5,5,5,4,5,1,1,1,1,1,1,1,0,1,4,5,5,2,3
14503555,4,5,5,5,4,4,5,4,4,5,3,5,5,5,0,5,1,1,1,1,1,1,1,0,0,4,4,4,3,3
14526410,5,5,4,5,5,3,5,4,4,4,0,5,4,4,3,5,1,1,1,0,1,1,1,0,1,4,4,4,2,0
14530554,3,4,3,5,4,3,4,4,4,4,5,4,3,3,3,5,1,1,1,1,1,1,1,0,1,4,4,4,3,0
14535735,4,5,5,4,5,4,5,4,4,5,3,5,4,3,0,5,1,1,1,1,1,1,1,0,0,4,4,4,4,0
14557909,4,5,5,4,5,4,5,4,4,5,3,5,5,4,0,5,1,1,1,1,1,1,1,0,0,4,4,4,4,0
14581001,4,4,4,5,4,4,4,5,3,4,1,5,3,3,2,5,1,1,1,1,1,1,1,0,1,4,4,4,3,0
14656215,4,5,5,4,5,3,4,4,3,5,3,4,4,3,3,5,1,1,1,1,1,1,1,0,1,4,4,4,1,0
14660512,4,4,4,4,4,4,4,4,3,3,3,4,3,5,0,5,1,1,1,1,1,1,1,0,0,4,4,4,3,3
14713544,4,4,3,4,4,4,4,4,3,4,3,5,5,5,0,5,1,1,1,1,1,1,1,0,0,4,4,4,3,0
14719009,4,4,4,4,5,4,4,5,3,4,4,5,4,4,4,5,1,1,1,1,1,1,1,0,1,4,4,4,4,1
14726651,5,5,5,4,5,4,5,5,4,5,4,5,5,4,2,5,1,1,1,1,1,1,1,0,1,4,4,4,2,2
14734547,4,4,3,4,4,3,4,4,4,4,3,5,4,4,0,5,1,1,1,1,1,1,1,0,0,5,5,5,4,0
14758609,4,5,5,5,4,3,5,4,4,4,3,4,5,5,3,5,1,1,1,1,1,1,1,0,1,4,4,4,2,0
14764993,4,5,5,5,4,4,5,4,3,3,3,4,3,4,0,4,1,1,1,1,1,1,1,0,0,4,3,4,3,0
14765424,4,5,5,5,4,4,5,4,3,4,3,4,5,4,2,5,1,1,1,1,1,1,1,0,1,4,5,4,4,0
13099483,4,4,4,3,5,5,4,4,4,4,3,4,3,5,4,5,1,1,1,1,1,1,1,0,1,4,4,4,3,5
13568734,4,4,5,4,4,4,5,4,4,4,2,4,0,4,0,5,1,1,1,1,1,0,1,0,0,4,4,4,3,4
13653263,4,5,4,5,5,4,5,5,3,4,5,5,0,3,0,5,1,1,1,1,1,0,1,0,0,4,4,4,4,3
13750521,4,4,5,3,4,4,4,4,5,5,4,4,4,5,3,5,1,1,1,1,1,1,1,0,1,4,4,4,4,3
13864734,4,4,3,2,4,4,4,5,3,4,2,5,4,3,0,5,1,1,1,1,1,1,1,0,0,4,4,4,5,0
14010959,4,5,5,4,5,4,5,3,3,4,3,4,4,5,2,5,1,1,1,1,1,1,1,0,1,4,4,4,4,3
14032347,4,5,5,5,4,4,5,5,4,5,3,5,5,4,2,5,1,1,1,1,1,1,1,0,1,5,4,4,3,0
14034031,5,5,4,4,5,4,5,4,3,4,4,4,3,4,3,5,1,1,1,1,1,1,1,0,1,4,4,4,4,4
14036411,4,5,5,4,5,4,5,4,4,5,3,4,5,3,4,5,1,1,1,1,1,1,1,0,1,4,4,4,5,0
14040949,4,4,5,3,4,4,4,0,4,4,4,3,4,3,3,5,0,1,1,1,1,1,1,0,1,4,4,4,3,0
14058131,3,4,5,4,4,3,4,0,3,4,3,4,3,3,0,4,0,1,1,1,1,1,1,0,0,4,4,4,4,0
14059189,5,5,5,4,5,4,5,0,3,5,4,4,5,5,2,5,0,1,1,1,1,1,1,0,1,4,4,4,4,0
14131645,5,5,4,5,5,5,5,4,4,4,3,4,3,5,0,5,1,1,1,1,1,1,1,0,0,4,4,4,2,4
14160384,5,5,5,5,5,4,5,5,4,4,2,5,4,3,0,5,1,1,1,1,1,1,1,0,0,5,5,5,4,0
14228977,5,5,4,5,5,4,5,4,3,4,2,4,4,3,0,5,1,1,1,1,1,1,1,0,0,4,5,4,4,4
14242240,4,5,5,4,5,4,5,4,3,4,3,4,4,3,0,5,1,1,1,1,1,1,1,0,0,4,4,4,4,0
14257318,4,5,5,3,4,3,5,4,3,4,0,4,4,4,3,5,1,1,1,0,1,1,1,0,1,4,4,4,4,0
14277084,0,0,0,0,0,0,0,0,0,0,0,0,0,0,0,0,0,0,0,0,0,0,0,0,0,0,0,0,0,0
14295622,5,5,4,4,5,5,5,4,5,5,3,5,5,5,2,5,1,1,1,1,1,1,1,0,1,4,5,4,4,3
14331287,5,5,5,4,5,4,5,4,5,5,3,4,4,4,3,5,1,1,1,1,1,1,1,0,1,5,5,5,5,2
14342912,4,5,5,5,4,3,4,4,3,4,1,4,0,4,0,5,1,1,1,1,1,0,1,0,0,4,4,3,3,2
14399879,4,5,5,5,4,4,5,4,0,3,0,4,3,3,0,4,1,0,1,0,1,1,1,0,0,5,4,5,4,0
14416971,4,5,5,4,4,4,5,0,3,3,2,4,3,5,0,5,0,1,1,1,1,1,1,0,0,4,4,4,4,4
14423930,5,5,5,5,5,4,5,4,5,5,3,4,4,4,0,5,1,1,1,1,1,1,1,0,0,5,4,5,4,3
14443340,3,4,4,4,4,4,4,4,5,5,3,4,3,0,4,5,1,1,1,1,1,1,0,0,1,5,4,4,4,0
14465756,5,5,5,4,5,4,5,5,3,4,4,5,4,4,2,5,1,1,1,1,1,1,1,0,1,4,4,4,4,2
14467455,4,4,5,4,4,4,4,4,5,5,5,5,5,5,3,5,1,1,1,1,1,1,1,0,1,4,4,4,2,0
14469187,4,5,4,4,5,3,5,5,4,5,3,5,4,3,0,5,1,1,1,1,1,1,1,0,0,4,4,4,5,0
14472969,4,5,5,5,5,4,5,4,5,5,0,4,4,5,5,5,1,1,1,0,1,1,1,0,1,4,4,4,3,5
14475294,4,4,4,4,4,3,5,4,4,4,5,4,3,4,0,5,1,1,1,1,1,1,1,0,0,4,4,4,3,0
14499854,4,4,5,4,4,3,4,4,3,4,3,4,4,3,3,5,1,1,1,1,1,1,1,0,1,4,4,4,3,0
14502433,4,5,5,5,4,3,5,4,4,5,3,4,5,3,0,5,1,1,1,1,1,1,1,0,0,4,4,4,4,2
14521068,4,5,5,4,5,4,5,4,4,4,5,5,2,3,5,5,1,1,1,1,1,0,1,0,1,4,4,4,3,3
14523442,4,5,5,4,4,3,5,4,4,5,2,5,5,3,2,5,1,1,1,1,1,1,1,0,1,4,4,4,4,1
14540407,4,4,5,3,4,4,4,4,3,4,3,4,5,4,3,5,1,1,1,1,1,1,1,0,1,4,4,4,4,1
14540740,4,5,5,4,5,4,5,4,4,4,3,4,4,3,2,5,1,1,1,1,1,1,1,0,1,4,4,4,5,4
14547421,5,5,5,4,5,4,5,4,4,4,0,4,4,4,4,5,1,1,1,0,1,1,1,0,1,4,4,5,3,5
14557438,4,4,5,4,4,3,4,5,4,5,4,5,4,4,0,5,1,1,1,1,1,1,1,0,0,5,5,4,5,1
14562548,4,4,5,3,4,4,4,4,3,4,4,4,3,4,0,5,1,1,1,1,1,1,1,0,0,4,4,4,4,4
14563851,5,5,5,5,5,4,5,4,3,4,5,4,3,4,0,5,1,1,1,1,1,1,1,0,0,5,4,4,5,0
14570549,4,5,5,4,4,3,5,4,5,5,3,5,4,3,2,5,1,1,1,1,1,1,1,0,1,5,4,5,4,0
14578846,3,4,4,3,4,3,4,4,4,4,3,4,4,4,0,5,1,1,1,1,1,1,1,0,0,4,5,4,2,1
14585952,4,4,5,4,5,5,4,4,4,4,3,4,4,5,5,5,1,1,1,1,1,1,1,0,1,4,5,4,4,5
14587879,4,5,5,4,5,3,5,4,3,4,2,4,5,3,3,5,1,1,1,1,1,1,1,0,1,4,4,4,3,0
14599434,4,5,5,4,5,4,5,4,4,5,3,5,5,3,4,5,1,1,1,1,1,1,1,0,1,4,5,4,4,0
14650916,5,4,5,4,5,5,4,4,4,5,4,5,5,4,3,5,1,1,1,1,1,1,1,0,1,4,4,5,4,2
14650982,4,5,4,5,4,4,5,5,4,4,3,5,4,0,3,5,1,1,1,1,1,1,0,1,1,4,4,4,4,0
14653890,4,4,4,5,4,3,4,4,4,4,3,4,5,3,0,5,1,1,1,1,1,1,1,0,0,4,4,4,2,0
14661444,4,4,4,4,4,5,4,4,4,5,5,4,4,5,2,5,1,1,1,1,1,1,1,0,1,4,4,4,3,2
14666174,5,5,5,5,5,4,5,4,5,5,3,4,5,4,3,5,1,1,1,1,1,1,1,0,1,5,4,5,4,4
14670282,4,4,3,3,4,3,4,5,5,5,3,5,4,4,2,5,1,1,1,1,1,1,1,0,1,4,5,4,4,3
14709957,4,4,3,5,4,4,4,4,3,4,3,4,3,3,0,4,1,1,1,1,1,1,1,0,0,4,3,3,4,4
14718657,4,5,4,3,4,5,5,5,4,5,0,5,4,5,3,5,1,1,1,0,1,1,1,0,1,4,4,4,5,3
14720339,0,0,0,0,0,0,0,0,0,0,0,0,0,0,0,0,0,0,0,0,0,0,0,0,0,0,0,0,0,0
14721639,4,4,5,5,4,4,4,4,4,4,3,4,5,4,2,5,1,1,1,1,1,1,1,0,1,4,4,5,4,0
14729465,0,0,0,0,0,0,0,0,0,0,0,0,0,0,0,0,0,0,0,0,0,0,0,0,0,0,0,0,0,0
14732835,4,4,4,3,4,5,4,4,4,4,3,4,4,5,3,5,1,1,1,1,1,1,1,0,1,4,4,4,3,2
14735478,5,5,5,4,5,4,5,5,4,5,3,5,5,4,4,5,1,1,1,1,1,1,1,0,1,4,4,5,5,3
14736392,5,5,5,4,5,4,5,4,4,5,3,4,5,5,3,5,1,1,1,1,1,1,1,0,1,5,5,5,4,3
14737781,4,5,5,5,4,4,5,4,3,4,3,5,3,4,2,5,1,1,1,1,1,1,1,0,1,4,4,4,3,1
14757846,4,4,3,3,4,3,4,4,3,4,3,4,2,3,0,5,1,1,1,1,1,0,1,0,0,4,4,4,4,0
14760114,3,4,4,4,4,3,4,4,3,4,3,4,4,3,0,5,1,1,1,1,1,1,1,0,0,4,4,4,4,3
14763873,4,5,5,4,5,4,5,5,5,5,2,5,5,4,4,5,1,1,1,1,1,1,1,0,1,4,4,4,4,0
14766233,4,4,5,4,4,4,4,4,3,4,3,4,5,4,3,5,1,1,1,1,1,1,1,0,1,4,4,4,4,0
14766445,4,5,4,5,4,4,5,4,3,4,3,4,0,4,0,5,1,1,1,1,1,0,1,0,0,4,4,4,4,5
14768199,4,4,5,4,4,3,4,4,3,4,3,4,4,4,3,5,1,1,1,1,1,1,1,0,1,4,4,4,3,3
14771622,4,4,5,3,4,4,4,4,3,5,0,4,5,3,4,5,1,1,1,0,1,1,1,0,1,4,4,4,4,2
14771775,5,4,5,3,4,4,4,4,4,4,0,4,4,5,0,5,1,1,1,0,1,1,1,0,0,5,5,5,4,4
14775109,3,4,5,5,4,3,4,5,4,4,0,5,4,0,0,5,1,1,1,0,1,1,0,0,0,4,4,4,3,0
14777688,4,4,5,4,4,4,4,5,4,5,4,5,4,5,5,5,1,1,1,1,1,1,1,0,1,4,4,5,4,4
14788449,5,5,5,4,5,4,5,4,4,4,3,4,4,4,3,5,1,1,1,1,1,1,1,0,1,4,4,5,4,1
14790125,4,4,5,4,4,4,4,4,4,4,3,4,4,5,3,5,1,1,1,1,1,1,1,0,1,4,3,4,3,2
14790468,4,4,3,2,4,5,4,4,4,4,3,4,4,3,0,5,1,1,1,1,1,1,1,0,0,4,4,4,4,0
14793515,3,4,4,4,4,3,4,4,4,4,3,4,4,4,2,5,1,1,1,1,1,1,1,0,1,4,4,4,4,4
14793549,4,4,3,4,4,4,4,4,5,5,4,5,3,4,3,5,1,1,1,1,1,1,1,0,1,4,4,4,4,2
14795878,5,5,5,4,5,3,5,4,4,4,2,5,5,5,4,5,1,1,1,1,1,1,1,0,1,5,4,5,4,0
14809375,4,5,5,4,5,4,5,5,4,4,0,5,5,4,3,5,1,1,1,0,1,1,1,0,1,4,4,4,4,0
14816578,4,4,5,4,4,4,4,4,4,5,3,4,5,5,4,5,1,1,1,1,1,1,1,0,1,4,4,4,3,2
14818147,4,5,5,4,5,4,5,4,4,4,2,4,4,5,4,5,1,1,1,1,1,1,1,0,1,4,4,4,3,3
14821302,5,5,5,4,5,4,5,4,5,5,4,5,4,5,4,5,1,1,1,1,1,1,1,0,1,4,4,4,4,3
14826262,4,4,4,3,4,4,4,4,4,4,3,4,4,4,3,5,1,1,1,1,1,1,1,0,1,4,4,4,2,1
14829120,4,4,3,4,4,3,4,5,4,4,5,5,5,5,4,5,1,1,1,1,1,1,1,0,1,4,4,4,3,3
14837780,4,4,5,3,4,3,4,4,5,5,3,4,3,3,0,5,1,1,1,1,1,1,1,0,0,4,3,4,4,0
14840121,4,4,5,3,4,4,4,4,4,4,4,5,4,5,0,5,1,1,1,1,1,1,1,0,0,4,4,5,4,2
14840489,5,5,5,4,5,4,5,5,4,5,3,5,5,4,2,5,1,1,1,1,1,1,1,0,1,4,4,4,3,0
14841238,4,5,3,4,5,3,4,4,3,4,3,4,4,3,0,5,1,1,1,1,1,1,1,0,0,4,5,4,4,2
14845816,4,4,5,4,4,3,4,4,4,5,3,4,5,3,4,5,1,1,1,1,1,1,1,0,1,4,4,4,3,2
14847274,4,5,4,5,4,3,4,4,4,4,2,4,5,4,0,5,1,1,1,1,1,1,1,0,0,4,4,4,4,3
14855145,5,5,5,4,5,4,5,4,5,5,3,4,4,5,0,5,1,1,1,1,1,1,1,0,0,4,4,4,4,3
14860103,0,0,0,0,0,0,0,0,0,0,0,0,0,0,0,0,0,0,0,0,0,0,0,0,0,0,0,0,0,0
14865439,4,5,5,4,5,4,5,4,4,5,3,4,5,5,5,5,1,1,1,1,1,1,1,0,1,4,4,4,4,3
14865618,4,5,5,5,4,3,5,5,4,5,3,5,4,4,3,5,1,1,1,1,1,1,1,0,1,4,4,5,5,3
14865688,5,5,5,4,5,5,5,4,4,5,2,4,5,4,3,5,1,1,1,1,1,1,1,0,1,4,4,4,3,3
14866792,4,4,3,4,4,3,4,5,5,5,4,5,5,4,4,5,1,1,1,1,1,1,1,0,1,4,4,4,4,0
14868284,4,4,4,3,4,3,4,4,4,4,0,4,5,3,0,5,1,1,1,0,1,1,1,0,0,4,4,4,4,3
14869074,4,4,5,4,4,3,4,5,5,5,3,5,5,4,3,5,1,1,1,1,1,1,1,0,1,4,3,4,4,3
14878771,5,5,5,4,5,4,5,4,5,5,2,4,5,4,3,5,1,1,1,1,1,1,1,0,1,5,5,5,4,3
14879573,4,5,5,5,5,4,5,4,4,4,3,4,5,4,0,5,1,1,1,1,1,1,1,0,0,4,4,4,3,0
14880945,4,4,3,4,4,3,5,5,4,5,3,5,3,3,4,5,1,1,1,1,1,1,1,0,1,4,4,4,4,3
14883518,5,5,5,4,5,4,5,4,3,4,2,4,3,4,2,5,1,1,1,1,1,1,1,0,1,4,4,5,5,3
14888949,5,4,4,3,5,5,4,4,4,4,3,4,5,5,2,5,1,1,1,1,1,1,1,0,1,4,4,4,4,4
14898533,4,4,5,3,4,3,4,4,4,5,5,4,4,3,2,5,1,1,1,1,1,1,1,0,1,4,4,4,3,2
14921356,0,0,0,0,0,0,0,0,0,0,0,0,0,0,0,0,0,0,0,0,0,0,0,0,0,0,0,0,0,0
14921604,3,4,3,4,4,5,4,4,4,4,3,4,3,3,4,5,1,1,1,1,1,1,1,0,1,4,3,4,3,3
14926273,5,5,3,4,4,3,5,4,4,4,2,4,3,3,0,5,1,1,1,1,1,1,1,0,0,4,4,4,5,2
14926628,5,5,5,4,5,4,5,4,4,5,3,5,4,4,0,5,1,1,1,1,1,1,1,0,0,4,5,5,4,0
14931920,5,5,4,4,5,4,5,5,4,5,3,5,4,4,2,5,1,1,1,1,1,1,1,0,1,4,4,5,4,0
14937725,3,4,5,4,4,4,4,4,4,4,3,5,4,4,0,5,1,1,1,1,1,1,1,0,0,4,4,4,4,3
14938142,4,4,4,3,4,4,4,4,4,4,2,4,2,4,0,5,1,1,1,1,1,0,1,0,0,3,3,3,2,3
14940879,4,4,4,4,5,4,4,4,4,4,3,4,4,4,3,5,1,1,1,1,1,1,1,0,1,4,4,4,4,2
14942164,4,5,5,4,5,4,5,5,5,5,4,5,4,3,1,5,1,1,1,1,1,1,1,0,0,4,4,4,3,0
14944125,4,4,5,4,4,3,4,4,4,4,3,4,5,3,0,5,1,1,1,1,1,1,1,0,0,4,4,4,3,2
14944754,4,4,5,3,4,3,4,4,0,4,0,4,4,5,4,5,1,0,1,0,1,1,1,0,1,4,4,4,5,3
14944822,4,4,5,3,4,5,4,4,4,4,3,4,4,4,4,5,1,1,1,1,1,1,1,0,1,3,4,4,3,3
14945477,5,4,4,3,5,4,5,4,5,5,3,5,5,5,4,5,1,1,1,1,1,1,1,0,1,5,4,5,4,2
14946716,4,5,4,4,4,3,5,4,4,5,3,5,5,3,3,5,1,1,1,1,1,1,1,0,1,4,4,4,5,2
14946769,5,5,5,5,5,4,5,4,4,5,2,5,4,5,0,5,1,1,1,1,1,1,1,0,0,5,4,5,4,2
14946786,4,5,5,5,4,4,5,4,4,5,3,5,4,4,2,5,1,1,1,1,1,1,1,0,1,4,4,4,4,0
14949408,4,4,5,3,4,4,4,4,5,5,5,5,5,5,5,5,1,1,1,1,1,1,1,0,1,4,4,5,4,5
14949443,4,4,5,4,4,3,4,4,4,5,4,4,4,0,0,5,1,1,1,1,1,1,0,0,0,4,4,4,3,0
14953643,4,5,5,5,4,4,5,4,3,4,2,4,3,3,2,4,1,1,1,1,1,1,1,0,1,4,4,4,4,0
14955923,5,5,4,5,5,4,5,5,4,5,3,5,5,3,5,5,1,1,1,1,1,1,1,0,1,4,4,4,4,0
14957094,4,5,5,4,5,4,5,4,2,5,3,5,5,4,4,5,1,1,1,1,1,1,1,0,1,4,4,4,3,3
14957550,4,5,3,3,4,4,5,4,5,5,3,4,5,5,4,5,1,1,1,1,1,1,1,0,1,4,4,4,4,3
14959770,4,4,3,4,4,3,4,4,3,3,2,4,4,3,4,5,1,1,1,1,1,1,1,0,1,4,4,4,4,0
14961833,4,4,5,4,4,3,4,4,4,5,3,4,5,5,3,5,1,1,1,1,1,1,1,0,1,5,4,4,5,3
14964323,4,4,2,3,4,4,4,4,3,4,0,4,3,3,3,4,1,1,1,0,1,1,1,0,1,4,4,4,4,0
14965740,5,5,4,4,5,4,5,4,5,5,3,5,4,5,3,5,1,1,1,1,1,1,1,0,1,4,4,5,3,4
14967174,5,5,4,5,5,4,5,4,4,5,3,4,5,4,2,5,1,1,1,1,1,1,1,0,1,4,4,4,4,0
14970161,3,4,5,4,4,3,4,4,5,5,5,5,5,0,0,5,1,1,1,1,1,1,0,0,0,4,4,4,4,0
14978056,4,4,3,4,4,4,4,5,4,5,3,5,3,3,4,5,1,1,1,1,1,1,1,0,1,4,4,4,3,2
14979171,4,5,3,4,5,4,5,4,4,4,2,4,4,5,3,5,1,1,1,1,1,1,1,0,1,4,4,4,5,0
14979450,5,5,5,5,5,4,5,4,3,4,0,4,4,4,3,5,1,1,1,0,1,1,1,0,1,4,4,4,3,3
14981908,4,5,4,3,5,5,4,4,3,4,2,4,3,4,3,5,1,1,1,1,1,1,1,0,1,4,4,4,3,4
14982242,4,5,4,4,5,4,5,4,4,3,3,4,4,3,0,5,1,1,1,1,1,1,1,0,0,4,4,4,3,0
14982587,5,5,5,5,5,4,5,5,4,5,5,5,5,3,4,5,1,1,1,1,1,1,1,0,1,4,3,4,5,0
14983097,5,4,4,3,5,4,4,4,4,4,3,4,3,4,3,5,1,1,1,1,1,1,1,0,1,4,4,4,3,3
14984826,4,4,5,4,4,4,4,5,4,5,3,5,5,4,0,5,1,1,1,1,1,1,1,0,0,4,4,4,5,0
14988587,4,5,4,5,4,4,4,4,4,5,5,5,5,4,0,5,1,1,1,1,1,1,1,0,0,4,4,4,3,1
14988698,4,5,5,5,5,4,5,4,4,5,2,5,4,4,0,5,1,1,1,1,1,1,1,0,0,4,4,4,4,0
14988771,5,5,5,3,5,4,5,4,4,5,3,4,5,4,3,5,1,1,1,1,1,1,1,0,1,5,4,5,2,2
14990121,4,4,5,4,5,4,5,5,4,5,3,5,5,4,3,5,1,1,1,1,1,1,1,0,1,4,5,5,4,3
14990524,4,5,5,4,5,4,5,5,4,5,4,5,4,4,0,5,1,1,1,1,1,1,1,0,0,4,4,4,4,0
14990780,4,5,5,4,5,3,5,4,3,4,2,4,3,5,3,5,1,1,1,1,1,1,1,0,1,4,4,4,4,3
14994156,4,4,5,3,4,3,4,4,4,5,3,4,4,0,3,5,1,1,1,1,1,1,0,0,1,4,4,4,4,0
14996038,4,5,5,4,5,3,5,4,3,4,3,4,4,3,3,5,1,1,1,1,1,1,1,0,1,4,4,4,3,4
14996636,4,5,3,5,4,4,5,4,3,4,3,4,4,0,0,5,1,1,1,1,1,1,0,0,0,4,3,4,4,2
14996857,4,5,5,5,5,4,5,5,4,5,4,5,4,5,4,5,1,1,1,1,1,1,1,0,1,4,4,4,4,0
14997116,5,4,3,3,4,5,4,4,3,4,3,4,3,4,0,5,1,1,1,1,1,1,1,0,0,4,4,4,4,2
14999098,4,4,3,4,4,3,4,4,3,4,0,4,3,3,2,5,1,1,1,0,1,1,1,0,1,4,4,4,4,2
14999570,4,5,5,4,5,4,5,5,3,4,0,5,5,4,3,5,1,1,1,0,1,1,1,0,1,4,5,5,4,0
15000264,5,5,5,4,5,4,5,5,4,5,3,5,5,5,5,5,1,1,1,1,1,1,1,0,1,4,4,5,4,1
15000558,4,5,5,4,4,3,5,4,3,4,0,4,3,3,0,5,1,1,1,0,1,1,1,0,0,4,4,4,4,0
15002425,0,0,0,0,0,0,0,0,0,0,0,0,0,0,0,0,0,0,0,0,0,0,0,0,0,0,0,0,0,0
15002751,5,5,5,4,5,4,5,4,4,4,2,4,4,4,2,5,1,1,1,1,1,1,1,0,1,4,4,4,4,3
15002993,4,5,5,3,5,4,5,4,4,5,3,5,4,4,3,5,1,1,1,1,1,1,1,0,1,4,4,5,5,0
15003839,5,5,4,4,5,5,5,4,4,4,3,4,3,4,0,5,1,1,1,1,1,1,1,0,0,4,5,4,4,4
15004450,4,4,4,5,4,3,4,5,4,4,5,5,5,5,5,5,1,1,1,1,1,1,1,0,1,4,4,4,3,2
15006216,5,5,5,4,5,5,5,5,4,5,3,5,5,5,4,5,1,1,1,1,1,1,1,0,1,4,5,4,4,3
15008573,4,4,5,4,4,3,4,4,3,4,3,4,2,5,0,5,1,1,1,1,1,1,1,0,0,3,3,4,2,2
15009332,4,4,3,4,4,4,4,4,4,4,3,4,4,4,4,5,1,1,1,1,1,1,1,0,1,4,5,5,4,3
15009786,5,5,5,4,5,4,5,4,5,5,4,4,5,3,4,5,1,1,1,1,1,1,1,0,1,4,4,5,4,0
15010333,4,5,2,5,4,3,5,4,3,4,3,4,3,3,0,5,1,1,1,1,1,1,1,0,0,4,4,4,3,0
15011810,5,4,5,4,5,4,5,4,3,4,3,4,4,5,2,5,1,1,1,1,1,1,1,0,1,5,4,5,4,4
15012511,4,4,5,3,4,3,4,4,3,4,3,4,4,5,0,5,1,1,1,1,1,1,1,0,0,4,4,4,5,4
15014384,4,4,5,3,4,4,4,4,5,5,3,5,4,3,0,5,1,1,1,1,1,1,1,0,0,4,4,5,4,0
15014411,5,4,4,3,4,3,4,4,3,4,2,4,3,4,0,4,1,1,1,1,1,1,1,0,0,4,4,4,3,0
15017572,5,5,4,4,5,4,5,4,4,5,5,5,3,4,0,5,1,1,1,1,1,1,1,0,0,4,4,4,4,3
15020335,4,4,5,4,4,4,4,4,5,5,4,5,4,4,0,5,1,1,1,1,1,1,1,0,0,4,4,4,3,0
15021625,4,5,5,5,4,3,5,4,4,4,3,4,4,3,4,5,1,1,1,1,1,1,1,0,1,4,5,5,3,0
15022351,5,5,5,4,4,3,5,4,5,5,3,4,3,4,0,5,1,1,1,1,1,1,1,0,0,5,4,5,4,1
15022784,4,5,5,4,5,3,5,4,4,4,2,5,4,4,2,5,1,1,1,1,1,1,1,0,1,4,4,4,4,2
15025572,5,5,5,4,5,4,5,4,3,4,3,5,4,5,4,5,1,1,1,1,1,1,1,0,1,5,4,5,4,4
15026241,4,5,5,5,5,4,5,4,4,4,3,4,0,4,0,5,1,1,1,1,1,0,1,0,0,4,4,4,3,4
15030860,4,5,3,4,4,3,4,4,4,4,3,4,4,0,0,5,1,1,1,1,1,1,0,0,0,4,4,4,3,2
15032713,4,4,5,3,4,4,4,4,4,5,3,4,4,4,4,5,1,1,1,1,1,1,1,0,1,4,4,4,4,0
15033009,4,4,5,3,4,3,4,4,4,4,3,4,0,3,0,5,1,1,1,1,1,0,1,0,0,4,4,5,4,0
15033352,5,5,5,4,5,4,5,4,5,5,4,5,5,5,0,5,1,1,1,1,1,1,1,0,0,4,5,5,4,2
15034231,5,5,5,4,5,4,5,4,4,4,2,4,4,4,0,5,1,1,1,1,1,1,1,0,0,4,4,4,4,5
15035470,3,3,5,3,4,4,3,4,5,5,3,5,4,3,3,5,1,1,1,1,1,1,1,0,1,4,4,4,4,1
15037085,4,4,5,4,5,4,4,4,3,4,1,4,4,3,3,5,1,1,1,1,1,1,1,0,1,4,4,4,2,0
15037444,4,5,5,4,5,4,5,4,4,5,3,5,4,4,0,5,1,1,1,1,1,1,1,0,0,4,4,4,4,1
15039525,5,4,3,4,5,4,5,4,3,4,4,5,3,5,4,5,1,1,1,1,1,1,1,0,1,4,4,4,4,0
15039995,4,4,3,4,4,4,4,4,4,5,4,5,5,5,2,5,1,1,1,1,1,1,1,0,1,3,3,4,4,3
15041317,4,4,4,4,3,4,4,4,3,3,2,4,5,3,2,4,1,1,1,1,1,1,1,0,1,4,4,4,3,4
15042614,4,4,3,3,4,4,4,0,3,4,3,0,5,4,2,5,0,1,1,1,0,1,1,0,1,4,4,4,4,0
15050045,4,4,5,4,4,4,5,4,3,3,3,4,5,4,3,5,1,1,1,1,1,1,1,0,1,4,4,4,4,0
15050898,4,4,5,5,4,4,4,4,5,5,3,4,4,4,3,5,1,1,1,1,1,1,1,0,1,4,4,4,5,3
15052387,4,4,4,4,4,4,4,5,3,3,2,5,2,0,0,5,1,1,1,1,1,1,0,0,0,3,4,4,3,0
15053451,4,4,5,4,4,4,4,4,4,4,3,4,3,4,2,5,1,1,1,1,1,1,1,0,1,3,4,4,3,3
15057778,4,5,5,4,5,4,5,4,3,4,0,4,4,0,2,5,1,1,1,0,1,1,0,0,1,4,4,4,3,0
15062417,4,4,5,4,4,5,4,4,4,5,4,5,4,4,0,5,1,1,1,1,1,1,1,0,0,4,4,4,3,3
15063869,5,5,5,4,5,4,5,4,4,4,3,4,4,4,0,5,1,1,1,1,1,1,1,0,0,4,4,4,4,4
15064284,4,4,5,4,5,4,4,4,4,4,3,4,3,4,0,5,1,1,1,1,1,1,1,0,0,4,4,4,3,4
15064729,5,5,5,4,5,4,5,4,4,5,4,5,5,4,3,5,1,1,1,1,1,1,1,0,1,4,4,4,3,4
15078285,4,4,5,3,4,3,4,4,4,5,2,5,5,0,2,5,1,1,1,1,1,1,0,0,1,4,3,4,3,0
15080825,5,5,3,4,5,5,5,4,4,4,3,4,4,3,5,5,1,1,1,1,1,1,1,0,1,4,5,5,4,3
15103946,5,5,5,4,5,4,5,4,4,5,3,5,5,4,3,5,1,1,1,1,1,1,1,0,1,4,4,4,4,0
15105545,5,4,3,5,5,4,4,4,3,4,3,4,3,4,4,5,1,1,1,1,1,1,1,0,1,4,4,4,3,3
15107444,4,5,4,4,5,4,5,4,4,5,3,4,5,0,0,5,1,1,1,1,1,1,0,0,0,4,4,4,3,0
15107988,4,5,5,5,4,4,5,4,4,5,4,5,4,4,4,5,1,1,1,1,1,1,1,0,1,5,4,4,5,4
15109692,4,5,5,4,4,3,5,4,5,5,3,4,5,5,5,5,1,1,1,1,1,1,1,0,1,4,4,4,4,0
15116135,5,5,4,4,5,4,5,4,5,5,3,4,3,4,0,5,1,1,1,1,1,1,1,0,0,4,4,4,3,0
15120460,0,0,0,0,0,0,0,0,0,0,0,0,0,0,0,0,0,0,0,0,0,0,0,0,0,0,0,0,0,0
15120512,4,4,5,3,4,4,4,4,3,4,0,4,5,3,0,5,1,1,1,0,1,1,1,0,0,4,4,4,3,2
15121499,4,4,3,3,4,3,4,5,4,4,3,5,4,3,3,5,1,1,1,1,1,1,1,0,1,4,4,4,4,0
15123208,4,5,5,5,5,4,5,4,4,4,3,4,4,3,0,5,1,1,1,1,1,1,1,0,0,4,4,5,4,0
15133309,4,4,4,4,5,3,4,4,0,3,3,4,4,0,0,4,1,0,1,1,1,1,0,0,0,4,4,4,4,0
15148936,4,4,3,4,4,5,4,4,4,4,3,5,4,3,2,5,1,1,1,1,1,1,1,0,1,4,4,4,4,2
15150081,0,0,0,0,0,0,0,0,0,0,0,0,0,0,0,0,0,0,0,0,0,0,0,0,0,0,0,0,0,0
15150806,4,4,5,3,4,3,4,4,5,5,3,4,0,3,3,5,1,1,1,1,1,0,1,0,1,4,4,4,3,3
15152858,5,5,4,3,5,4,5,4,5,5,4,5,5,5,4,5,1,1,1,1,1,1,1,0,1,4,4,5,5,3
15152910,5,5,5,4,5,4,5,4,5,5,4,4,5,4,4,5,1,1,1,1,1,1,1,0,1,5,5,5,4,0
15157518,0,0,0,0,0,0,0,0,0,0,0,0,0,0,0,0,0,0,0,0,0,0,0,0,0,0,0,0,0,0
15160155,4,5,5,4,5,3,5,4,4,5,2,4,4,3,2,5,1,1,1,1,1,1,1,0,1,4,4,4,4,0
15163244,5,5,5,4,5,4,5,4,3,4,2,4,4,3,3,5,1,1,1,1,1,1,1,0,1,5,4,5,5,0
15163807,3,4,5,3,4,3,4,4,4,4,0,4,4,3,0,5,1,1,1,0,1,1,1,0,0,4,5,4,4,3
15163990,5,5,5,5,5,4,5,5,4,5,3,5,4,4,0,5,1,1,1,1,1,1,1,0,0,5,5,5,4,1
15164298,4,4,5,4,4,3,4,4,4,5,3,5,5,5,2,5,1,1,1,1,1,1,1,0,1,4,4,4,4,2
15166053,4,4,5,3,4,4,4,4,3,4,5,4,4,4,0,5,1,1,1,1,1,1,1,0,0,5,5,5,4,4
15167847,4,5,5,5,4,3,5,4,3,4,3,4,5,5,3,5,1,1,1,1,1,1,1,0,1,4,4,4,4,0
15167893,5,5,5,5,5,4,5,4,3,4,0,4,4,5,4,5,1,1,1,0,1,1,1,0,1,5,5,5,4,4
15167930,5,5,5,4,5,4,5,5,3,5,2,5,5,5,5,5,1,1,1,1,1,1,1,0,1,4,4,4,4,3
15167963,4,5,5,4,5,5,5,4,4,5,3,5,5,3,3,5,1,1,1,1,1,1,1,0,1,4,4,4,4,1
15169005,4,5,5,4,5,4,5,4,4,5,3,4,5,3,3,5,1,1,1,1,1,1,1,0,1,4,4,4,3,0
15169438,4,4,5,3,4,4,5,5,5,5,3,5,5,4,4,5,1,1,1,1,1,1,1,0,1,4,4,4,5,0
15169669,4,5,5,4,5,4,5,4,4,4,3,4,4,4,3,5,1,1,1,1,1,1,1,0,1,4,4,4,3,0
15170054,4,5,5,5,4,4,5,4,5,5,3,4,5,4,4,5,1,1,1,1,1,1,1,0,1,4,4,4,3,2
15171057,4,4,5,4,5,3,4,4,3,4,3,4,5,4,3,5,1,1,1,1,1,1,1,0,1,4,4,4,4,0
15171262,4,4,5,3,4,5,4,4,5,5,3,5,5,5,3,5,1,1,1,1,1,1,1,0,1,4,4,4,4,3
15172138,4,5,5,4,5,4,5,4,4,4,3,5,5,5,2,5,1,1,1,1,1,1,1,0,1,4,4,4,5,0
15172257,0,0,0,0,0,0,0,0,0,0,0,0,0,0,0,0,0,0,0,0,0,0,0,0,0,0,0,0,0,0
15172416,5,5,4,4,5,5,5,4,4,4,2,4,5,5,3,5,1,1,1,1,1,1,1,0,1,4,4,4,3,3
15172917,5,4,4,3,4,4,5,4,4,5,3,4,5,4,0,5,1,1,1,1,1,1,1,0,0,4,4,4,3,2
15173212,4,4,3,5,4,3,4,4,4,4,3,4,3,4,0,5,1,1,1,1,1,1,1,0,0,3,4,4,4,0
15174772,5,5,5,4,5,4,5,4,3,4,2,4,4,4,4,5,1,1,1,1,1,1,1,0,1,4,4,4,5,0
15176442,4,5,5,4,5,3,5,4,4,4,1,5,5,3,5,5,1,1,1,1,1,1,1,0,1,4,4,4,4,0
15178621,4,5,5,5,4,4,5,5,4,5,2,5,5,4,4,5,1,1,1,1,1,1,1,0,1,5,5,4,4,0
15181601,0,0,0,0,0,0,0,0,0,0,0,0,0,0,0,0,0,0,0,0,0,0,0,0,0,0,0,0,0,0
15181940,4,5,5,4,5,4,5,4,4,5,5,4,3,5,4,5,1,1,1,1,1,1,1,0,1,4,4,4,4,2
15182064,4,4,3,4,4,3,4,4,3,3,2,4,0,3,0,4,1,1,1,1,1,0,1,0,0,4,3,3,3,0
15182360,4,4,5,3,4,3,4,4,5,5,3,5,4,4,2,5,1,1,1,1,1,1,1,0,1,4,4,4,5,3
15184236,4,4,2,4,4,4,4,4,4,5,3,4,2,5,3,5,1,1,1,1,1,0,1,0,1,4,4,4,4,2
15187094,5,5,5,4,5,4,5,4,4,5,3,5,5,5,0,5,1,1,1,1,1,1,1,0,0,5,4,5,4,0
15191931,4,4,4,4,4,4,4,4,4,4,4,4,4,4,0,5,1,1,1,1,1,1,1,0,0,4,4,4,2,0
15192408,4,4,3,4,4,4,4,4,5,5,3,5,0,4,0,5,1,1,1,1,1,0,1,0,0,4,3,4,4,3
15193010,5,5,4,5,5,3,5,4,4,5,2,4,5,3,3,5,1,1,1,1,1,1,1,0,1,4,4,5,3,0
15195055,5,5,5,4,5,5,5,4,5,5,2,4,5,4,3,5,1,1,1,1,1,1,1,0,1,5,4,5,4,3
15198902,4,4,5,4,5,3,4,4,4,5,3,4,4,5,5,5,1,1,1,1,1,1,1,0,1,4,4,4,5,0
15199621,4,4,4,3,4,3,4,4,4,5,3,5,5,5,4,5,1,1,1,1,1,1,1,0,1,4,4,4,3,4
15200458,4,4,5,3,4,5,4,4,4,4,3,4,4,4,3,5,1,1,1,1,1,1,1,0,1,4,4,3,3,2
15201366,4,4,5,3,4,3,4,4,4,4,4,4,4,4,3,5,1,1,1,1,1,1,1,0,1,3,4,3,2,2
15201608,4,4,3,4,4,3,4,4,4,4,3,4,4,4,3,5,1,1,1,1,1,1,1,0,1,4,3,4,2,3
15204861,4,4,3,4,4,3,4,4,4,4,3,4,4,5,2,5,1,1,1,1,1,1,1,0,1,4,4,4,3,3
15205630,4,4,5,4,4,4,4,4,4,4,3,4,5,4,5,5,1,1,1,1,1,1,1,0,1,4,4,4,3,4
15211155,4,4,5,4,4,4,4,4,4,4,3,5,4,3,2,5,1,1,1,1,1,1,1,0,1,4,4,3,4,2
15213047,4,4,5,3,4,5,4,4,4,5,3,4,4,4,0,5,1,1,1,1,1,1,1,0,0,4,4,4,3,0
15214266,0,0,0,0,0,0,0,0,0,0,0,0,0,0,0,0,0,0,0,0,0,0,0,0,0,0,0,0,0,0
15215241,4,4,5,3,4,3,4,4,4,5,5,5,4,3,2,5,1,1,1,1,1,1,1,0,1,4,4,3,3,1
15215303,4,5,4,4,4,3,5,4,5,5,4,5,5,4,2,5,1,1,1,1,1,1,1,0,1,4,4,4,3,2
15215429,4,4,4,4,4,4,4,5,3,4,0,5,4,4,2,5,1,1,1,0,1,1,1,0,1,4,4,4,4,3
15216419,5,4,5,4,4,4,4,4,5,5,3,4,5,4,3,5,1,1,1,1,1,1,1,0,1,4,4,4,4,2
15217343,5,5,4,4,5,5,5,4,4,4,3,4,5,4,2,5,1,1,1,1,1,1,1,0,1,5,4,5,4,3
15218207,4,5,5,5,4,3,5,4,3,4,2,4,5,3,0,5,1,1,1,1,1,1,1,0,0,4,4,4,4,0
15219934,4,4,5,3,4,2,4,4,4,4,3,4,4,3,2,5,1,1,1,1,1,1,1,0,1,4,3,4,3,0
15223413,4,4,5,5,4,3,4,4,4,4,3,4,5,4,0,5,1,1,1,1,1,1,1,0,0,5,5,5,4,0
15223898,4,4,5,5,4,4,4,4,5,5,4,5,4,5,3,5,1,1,1,1,1,1,1,0,1,4,4,4,4,3
15224309,3,4,4,5,3,3,4,4,5,5,4,4,5,4,5,5,1,1,1,1,1,1,1,0,1,4,4,4,3,2
15224985,4,4,5,4,4,5,4,5,3,4,5,5,4,3,2,5,1,1,1,1,1,1,1,0,1,4,4,4,5,0
15226159,5,5,4,4,5,4,5,4,5,5,4,5,4,4,4,5,1,1,1,1,1,1,1,0,1,5,4,5,4,2
15226768,4,5,5,4,5,4,5,4,5,5,3,5,5,4,4,5,1,1,1,1,1,1,1,0,1,5,4,4,4,2
15227034,5,5,5,4,5,4,5,4,4,5,3,4,5,5,3,5,1,1,1,1,1,1,1,0,1,5,4,5,4,1
15227044,5,5,5,5,4,4,5,4,4,5,4,4,4,3,2,5,1,1,1,1,1,1,1,0,1,4,4,4,2,0
15227049,4,5,5,5,4,4,5,4,4,4,5,5,4,4,5,5,1,1,1,1,1,1,1,0,1,4,4,4,3,1
15227150,4,5,5,4,5,4,5,4,3,4,2,4,3,5,2,5,1,1,1,1,1,1,1,0,1,4,4,4,3,5
15229072,5,5,5,4,5,4,5,4,3,4,3,4,4,5,3,5,1,1,1,1,1,1,1,0,1,5,4,5,4,0
15229576,4,4,5,3,4,3,4,5,4,5,3,5,4,4,0,5,1,1,1,1,1,1,1,0,0,4,4,4,4,3
15231727,4,4,5,4,4,3,4,4,4,4,2,4,3,3,2,5,1,1,1,1,1,1,1,0,1,4,4,4,2,0
15231997,5,5,5,5,5,4,5,4,4,5,3,5,5,5,4,5,1,1,1,1,1,1,1,0,1,5,5,5,5,0
15233297,4,4,4,3,4,4,4,4,3,3,3,4,3,4,2,4,1,1,1,1,1,1,1,0,1,4,4,4,3,5
15234730,4,4,5,4,5,3,4,4,4,4,3,4,5,5,5,5,1,1,1,1,1,1,1,0,1,4,4,4,3,3
15236267,4,4,3,4,4,3,4,4,4,4,3,4,4,4,5,5,1,1,1,1,1,1,1,0,1,4,4,4,5,3
15239496,4,4,4,5,4,3,4,4,4,4,3,4,3,3,0,5,1,1,1,1,1,1,1,0,0,3,4,4,3,0
15243303,4,4,5,4,4,4,4,4,4,4,3,4,4,4,3,5,1,1,1,1,1,1,1,0,1,4,4,4,5,3
15243862,4,4,3,4,4,3,4,4,4,4,3,4,5,5,0,5,1,1,1,1,1,1,1,0,0,4,4,4,3,4
15244526,4,4,5,4,4,3,4,4,4,5,3,5,4,5,5,5,1,1,1,1,1,1,1,0,1,4,4,4,4,3
15247942,4,4,4,4,4,4,4,4,4,4,3,4,5,3,0,5,1,1,1,1,1,1,1,0,0,4,4,4,3,3
15248689,4,4,5,4,5,4,4,4,4,4,3,4,5,4,0,5,1,1,1,1,1,1,1,0,0,4,4,4,3,4
15248729,4,4,3,3,4,4,4,4,4,4,2,4,4,4,3,5,1,1,1,1,1,1,1,0,1,4,4,4,4,3
15250711,4,4,2,4,4,5,4,4,4,4,3,4,4,3,0,5,1,1,1,1,1,1,1,0,0,3,3,3,2,0
15250789,4,4,5,4,4,3,4,5,5,5,4,5,5,4,0,5,1,1,1,1,1,1,1,0,0,4,4,4,3,0
15251758,4,4,2,3,4,3,4,4,3,4,3,4,4,4,3,5,1,1,1,1,1,1,1,0,1,4,4,4,4,0
15252395,4,5,5,5,5,4,5,4,4,4,3,4,5,3,0,5,1,1,1,1,1,1,1,0,0,4,4,5,4,3
15253234,4,5,5,4,5,3,4,4,4,4,0,4,4,3,3,5,1,1,1,0,1,1,1,0,1,4,4,4,4,2
15257435,4,4,3,3,4,3,4,4,4,4,3,4,5,3,3,5,1,1,1,1,1,1,1,0,1,3,4,4,3,0
15258428,4,4,3,2,4,4,4,4,4,4,3,4,0,4,4,5,1,1,1,1,1,0,1,0,1,4,3,4,4,4
15259004,5,4,5,3,4,3,4,4,5,5,3,4,4,5,3,5,1,1,1,1,1,1,1,0,1,4,4,5,3,0
15259341,5,5,4,5,5,4,5,4,4,4,0,4,5,3,3,5,1,1,1,0,1,1,1,0,1,4,4,4,4,0
15260192,0,0,0,0,0,0,0,0,0,0,0,0,0,0,0,0,0,0,0,0,0,0,0,0,0,0,0,0,0,0
15261616,4,4,4,3,4,4,4,4,5,5,5,5,5,4,0,5,1,1,1,1,1,1,1,0,0,4,4,5,4,3
15264978,4,4,3,3,4,2,4,4,4,4,5,4,3,4,3,5,1,1,1,1,1,1,1,0,1,4,4,4,2,1
15266196,4,5,5,5,5,4,5,4,4,5,2,4,5,4,3,5,1,1,1,1,1,1,1,0,1,4,4,4,3,1
15266310,0,0,0,0,0,0,0,0,0,0,0,0,0,0,0,0,0,0,0,0,0,0,0,0,0,0,0,0,0,0
15267332,5,5,5,4,5,4,5,4,4,5,3,4,5,4,2,5,1,1,1,1,1,1,1,0,1,4,4,4,4,0
15268460,4,5,4,4,5,3,4,4,3,4,3,4,4,3,2,5,1,1,1,1,1,1,1,0,1,4,3,4,4,0
15269959,4,4,5,3,4,4,4,4,5,5,5,4,5,5,4,5,1,1,1,1,1,1,1,0,1,4,4,4,4,3
15270586,5,5,5,4,5,4,5,4,4,5,3,5,4,5,0,5,1,1,1,1,1,1,1,0,0,4,4,4,5,3
15270717,5,5,5,4,5,4,5,4,4,5,3,4,5,4,4,5,1,1,1,1,1,1,1,0,1,5,5,5,5,2
15272306,4,5,5,5,5,4,5,5,4,5,3,5,4,4,0,5,1,1,1,1,1,1,1,0,0,4,4,4,4,1
15272346,0,0,0,0,0,0,0,0,0,0,0,0,0,0,0,0,0,0,0,0,0,0,0,0,0,0,0,0,0,0
15273395,5,5,5,4,5,4,5,4,4,5,3,4,4,4,3,5,1,1,1,1,1,1,1,0,1,5,5,5,5,2
15274255,4,5,5,5,5,3,4,4,4,4,3,4,4,4,4,5,1,1,1,1,1,1,1,0,1,4,5,4,3,2
15274516,5,5,4,5,5,4,5,4,4,5,2,5,5,3,3,5,1,1,1,1,1,1,1,0,1,4,4,4,4,3
15275597,4,5,5,4,5,4,5,4,5,4,2,5,4,4,4,5,1,1,1,1,1,1,1,0,1,4,3,4,4,0
15276518,4,5,4,3,4,4,5,5,4,5,3,5,5,5,4,5,1,1,1,1,1,1,1,0,1,4,4,4,4,4
15277473,4,4,3,3,4,5,4,4,4,4,4,5,5,5,2,5,1,1,1,1,1,1,1,0,1,4,4,4,4,4
15279047,5,5,5,5,4,4,5,4,5,5,0,5,3,5,4,5,1,1,1,0,1,1,1,0,1,5,4,5,4,5
15279965,4,4,4,5,4,5,4,4,4,4,3,4,5,4,0,5,1,1,1,1,1,1,1,0,0,4,4,4,3,4
15280373,4,4,5,4,4,3,4,4,5,5,3,4,4,4,0,5,1,1,1,1,1,1,1,0,0,4,4,4,5,0
15281761,5,5,5,4,5,4,5,4,4,5,3,4,5,4,0,5,1,1,1,1,1,1,1,0,0,4,4,4,4,2
15281766,5,5,5,4,5,5,5,4,4,4,2,4,5,5,3,5,1,1,1,1,1,1,1,0,1,5,4,5,4,4
15282189,4,5,4,5,5,3,5,4,4,5,3,4,5,4,4,5,1,1,1,1,1,1,1,0,1,4,4,4,4,0
15282916,4,5,5,4,5,4,5,4,4,4,3,4,3,4,3,5,1,1,1,1,1,1,1,0,1,3,3,4,3,2
15291820,4,4,3,4,4,3,4,4,5,5,4,4,5,3,2,5,1,1,1,1,1,1,1,0,1,4,4,4,3,3
15292036,4,4,5,3,5,4,4,4,3,4,3,4,5,4,0,5,1,1,1,1,1,1,1,0,0,4,4,5,4,0
15292734,4,4,3,4,4,3,4,4,4,4,0,5,4,3,0,5,1,1,1,0,1,1,1,0,0,4,4,4,4,0
15305293,4,5,5,4,5,4,5,4,3,4,2,5,4,4,2,5,1,1,1,1,1,1,1,0,1,5,4,4,4,0
15307929,4,4,4,4,4,4,4,4,4,5,3,4,3,3,0,5,1,1,1,1,1,1,1,0,0,4,3,4,3,2
15308079,4,4,2,3,4,4,4,4,4,4,3,4,3,0,3,4,1,1,1,1,1,1,0,0,1,3,4,4,3,0
15309386,5,5,3,4,5,4,5,4,4,4,0,4,3,3,0,5,1,1,1,0,1,1,1,0,0,4,3,4,4,0
15312751,5,5,5,5,5,5,5,4,4,4,3,4,5,4,3,5,1,1,1,1,1,1,1,0,1,4,4,5,2,1
15321139,5,5,5,4,5,4,5,4,4,4,3,4,4,5,0,5,1,1,1,1,1,1,1,0,0,5,4,5,4,4
15323498,5,4,4,4,5,5,4,4,5,5,3,4,4,5,0,5,1,1,1,1,1,1,1,0,0,4,4,5,4,4
15326525,5,4,3,4,5,4,4,4,4,4,3,4,3,4,0,5,1,1,1,1,1,1,1,0,0,4,4,4,4,3
15327260,4,4,5,3,4,3,4,4,4,4,3,4,4,3,0,5,1,1,1,1,1,1,1,0,0,4,4,4,3,3
15334336,4,5,5,4,4,3,5,4,4,4,3,4,0,4,0,5,1,1,1,1,1,0,1,0,0,4,4,4,3,3
15335543,5,5,5,5,5,4,5,4,5,5,3,4,5,4,0,5,1,1,1,1,1,1,1,0,0,4,4,4,4,2
15338922,5,5,5,4,5,4,5,4,4,5,3,4,5,5,3,5,1,1,1,1,1,1,1,0,1,5,4,5,4,0
15352502,4,5,5,5,5,4,5,4,3,4,2,4,3,3,0,5,1,1,1,1,1,1,1,0,0,4,4,4,4,0
15356666,5,5,4,4,5,5,5,4,4,4,5,5,4,5,3,5,1,1,1,1,1,1,1,0,1,4,4,4,3,3
15366314,4,5,4,5,4,4,5,4,5,4,3,5,3,4,3,5,1,1,1,1,1,1,1,0,1,4,4,4,3,2
15366937,4,4,5,4,4,4,4,4,4,4,3,5,3,4,2,5,1,1,1,1,1,1,1,0,1,4,3,4,4,0
15369591,5,5,5,4,5,3,5,5,4,5,3,5,4,4,0,5,1,1,1,1,1,1,1,0,0,4,4,4,5,3
15369609,4,4,5,5,5,4,4,4,4,4,3,4,4,4,0,5,1,1,1,1,1,1,1,0,0,4,5,4,4,2
15390496,0,0,0,0,0,0,0,0,0,0,0,0,0,0,0,0,0,0,0,0,0,0,0,0,0,0,0,0,0,0
15397395,4,4,4,5,4,3,4,5,4,5,4,5,4,3,0,5,1,1,1,1,1,1,1,0,0,4,4,4,4,0
15401433,4,4,5,3,4,4,4,4,4,4,3,4,4,4,0,5,1,1,1,1,1,1,1,0,0,4,4,4,3,2
15403104,4,4,5,3,4,3,4,4,4,4,3,4,3,3,0,5,1,1,1,1,1,1,1,0,0,4,4,4,5,1
15419409,5,4,4,3,4,3,4,4,3,3,2,4,4,4,2,5,1,1,1,1,1,1,1,0,1,4,4,4,4,3
15420535,5,5,5,4,5,4,5,4,4,5,2,5,3,3,0,5,1,1,1,1,1,1,1,0,0,4,4,5,4,2
15425992,4,5,5,4,5,4,5,5,4,5,3,5,4,3,0,5,1,1,1,1,1,1,1,0,0,4,4,4,5,0
15430614,4,4,5,4,4,3,4,4,4,4,3,4,4,4,0,5,1,1,1,1,1,1,1,0,0,3,3,3,4,2
15431885,4,5,4,5,4,3,5,4,4,4,4,4,2,2,0,4,1,1,1,1,1,1,1,0,0,4,4,4,2,1
15432122,5,5,5,4,5,4,5,4,4,5,3,4,4,4,4,5,1,1,1,1,1,1,1,0,1,4,5,5,3,2
15433365,4,4,5,4,4,3,4,4,5,5,3,5,5,5,3,5,1,1,1,1,1,1,1,0,1,4,4,4,4,3
15433753,5,5,5,4,5,4,5,5,4,5,3,5,5,4,0,5,1,1,1,1,1,1,1,0,0,4,4,4,4,3
15435508,5,5,5,4,5,4,5,4,3,4,3,4,0,4,0,5,1,1,1,1,1,0,1,0,0,4,4,4,4,4
15437306,4,4,5,4,4,3,4,4,5,5,4,4,5,3,2,5,1,1,1,1,1,1,1,0,1,4,4,4,4,2
15437601,4,5,5,4,5,3,5,4,4,4,4,4,4,5,4,5,1,1,1,1,1,1,1,0,1,4,4,4,4,4
15438016,5,5,5,4,5,4,5,4,5,5,3,4,5,5,3,5,1,1,1,1,1,1,1,0,1,5,4,4,4,4
15439038,0,0,0,0,0,0,0,0,0,0,0,0,0,0,0,0,0,0,0,0,0,0,0,0,0,0,0,0,0,0
15443204,5,5,4,4,5,4,5,5,3,5,3,5,5,4,0,5,1,1,1,1,1,1,1,0,0,4,4,3,2,2
15444610,4,4,5,3,4,4,4,4,4,5,3,4,4,3,2,5,1,1,1,1,1,1,1,0,1,4,4,4,3,0
15446052,5,5,5,5,5,4,5,5,5,5,4,5,4,5,4,5,1,1,1,1,1,1,1,0,1,4,4,4,3,5
15447358,4,4,3,5,4,4,4,4,4,4,3,4,4,3,4,5,1,1,1,1,1,1,1,0,1,4,3,4,3,0
15449035,4,4,3,3,4,3,4,4,0,3,0,4,0,2,0,4,1,0,1,0,1,0,1,0,0,4,4,4,4,0
15450284,5,5,4,5,5,4,5,5,4,5,4,5,5,3,4,5,1,1,1,1,1,1,1,0,1,4,4,4,4,1
15451304,3,4,4,5,4,4,4,4,3,4,2,4,3,0,2,5,1,1,1,1,1,1,0,0,1,4,3,4,4,0
15459247,3,4,5,4,4,4,4,5,2,3,0,5,4,3,3,5,1,1,1,0,1,1,1,0,1,4,4,4,4,0
15459473,4,4,4,3,4,3,4,4,3,4,2,4,4,3,2,5,1,1,1,1,1,1,1,0,1,4,4,4,4,0
15459879,4,4,4,4,4,3,4,4,4,4,3,4,4,4,0,5,1,1,1,1,1,1,1,0,0,4,4,4,4,3
15460273,3,4,4,5,4,3,4,4,3,3,0,4,4,4,0,5,1,1,1,0,1,1,1,0,0,4,4,4,3,3
15465607,4,4,4,3,5,4,4,5,4,5,3,5,5,4,3,5,1,1,1,1,1,1,1,0,1,4,4,4,4,2
15467809,4,4,5,4,4,3,4,4,4,4,0,4,3,3,2,4,1,1,1,0,1,1,1,0,1,3,4,4,3,3
15470557,4,4,5,4,4,3,4,5,4,5,3,5,4,3,0,5,1,1,1,1,1,1,1,0,0,4,4,4,5,4
15472430,4,4,5,3,4,3,4,4,5,5,3,5,4,4,2,5,1,1,1,1,1,1,1,0,1,4,4,4,4,0
15480530,4,4,5,3,4,3,4,4,4,5,0,4,5,3,5,5,1,1,1,0,1,1,1,0,1,4,4,4,4,0
15480880,4,4,3,4,4,4,4,5,4,4,0,5,4,0,3,5,1,1,1,0,1,1,0,0,1,4,4,4,5,0
15487075,5,5,5,4,5,5,5,4,4,5,3,4,4,5,0,5,1,1,1,1,1,1,1,0,0,5,5,5,5,3
15487429,5,5,4,3,4,3,5,4,3,4,3,4,3,3,3,4,1,1,1,1,1,1,1,0,1,4,4,5,3,4
15487846,5,5,5,4,5,4,5,5,4,5,3,5,4,4,5,5,1,1,1,1,1,1,1,0,1,4,4,5,5,0
15499135,4,4,4,5,4,4,4,5,4,5,2,5,5,4,4,5,1,1,1,1,1,1,1,0,1,3,3,3,4,0
13278986,5,5,5,4,5,4,5,4,4,5,3,4,4,5,0,5,1,1,1,1,1,1,1,0,0,4,3,4,2,2
13767033,4,5,5,4,5,4,5,4,3,4,2,5,4,5,3,5,1,1,1,1,1,1,1,0,1,4,4,4,3,2
13769330,4,5,5,5,5,4,5,4,3,4,3,5,3,4,4,5,1,1,1,1,1,1,1,0,1,4,4,4,3,3
13789111,5,5,5,4,5,4,5,0,4,5,2,4,5,4,0,5,0,1,1,1,1,1,1,0,0,4,4,4,3,0
13804254,0,0,0,0,0,0,0,0,0,0,0,0,0,0,0,0,0,0,0,0,0,0,0,0,0,0,0,0,0,0
13983876,5,5,5,5,5,4,5,4,4,5,3,5,4,4,4,5,1,1,1,1,1,1,1,0,1,4,5,4,4,0
13989261,4,5,5,4,5,4,5,4,4,4,0,4,4,3,0,5,1,1,1,0,1,1,1,0,0,4,4,4,3,0
14040509,0,0,0,0,0,0,0,0,0,0,0,0,0,0,0,0,0,0,0,0,0,0,0,0,0,0,0,0,0,0
14052346,5,5,5,5,5,4,5,4,4,4,3,4,5,5,4,5,1,1,1,1,1,1,1,0,1,4,4,4,5,0
14091825,5,5,5,5,5,5,5,4,3,4,3,4,3,4,3,5,1,1,1,1,1,1,1,0,1,4,4,4,3,0
14212425,3,4,4,5,4,3,4,4,4,4,0,4,3,3,3,5,1,1,1,0,1,1,1,0,1,4,4,4,3,0
14248347,4,5,4,3,4,5,4,4,4,4,2,5,2,4,0,5,1,1,1,1,1,1,1,0,0,4,4,4,4,3
14270617,0,0,0,0,0,0,0,0,0,0,0,0,0,0,0,0,0,0,0,0,0,0,0,0,0,0,0,0,0,0
14314476,4,4,5,3,4,4,4,4,4,5,3,4,5,4,3,5,1,1,1,1,1,1,1,0,1,4,4,4,3,3
14321430,5,5,4,5,5,4,5,4,3,3,3,4,3,3,0,4,1,1,1,1,1,1,1,0,0,4,4,4,3,0
14330198,4,4,5,4,4,3,4,4,4,4,4,5,5,3,0,5,1,1,1,1,1,1,1,0,0,4,4,4,4,0
14339254,4,5,5,5,4,3,5,4,3,4,3,4,4,4,0,5,1,1,1,1,1,1,1,0,0,4,3,4,4,2
14393269,5,5,4,5,5,4,5,5,4,4,3,5,2,3,3,5,1,1,1,1,1,0,1,0,1,4,5,4,4,0
14439211,5,4,3,4,5,5,4,4,3,4,2,5,5,4,3,5,1,1,1,1,1,1,1,0,1,4,4,4,4,0
14463063,3,4,5,4,4,4,4,4,3,4,4,4,0,5,4,5,1,1,1,1,1,0,1,0,1,3,2,3,3,0
14498260,4,5,3,5,4,3,5,4,2,3,0,4,4,3,0,4,1,1,1,0,1,1,1,0,0,4,4,4,3,0
14501781,4,5,5,5,5,4,5,4,4,5,2,4,5,4,3,5,1,1,1,1,1,1,1,0,1,5,4,4,4,3
14524693,4,4,4,4,5,5,4,4,4,5,4,5,5,5,3,5,1,1,1,1,1,1,1,0,1,4,4,4,3,2
14540408,5,5,5,4,5,4,5,4,3,3,3,4,4,3,0,5,1,1,1,1,1,1,1,0,0,4,4,4,4,3
14555162,4,5,5,5,4,3,5,4,4,5,3,4,5,4,4,5,1,1,1,1,1,1,1,0,1,5,5,4,4,0
14555420,0,0,0,0,0,0,0,0,0,0,0,0,0,0,0,0,0,0,0,0,0,0,0,0,0,0,0,0,0,0
14569681,3,4,4,4,4,3,4,4,4,5,3,5,5,4,2,5,1,1,1,1,1,1,1,0,1,3,3,3,3,0
14573674,4,4,4,3,4,4,4,4,3,4,2,4,3,3,3,4,1,1,1,1,1,1,1,0,1,4,4,4,3,0
14592081,5,4,3,2,4,3,4,5,4,5,3,5,4,4,2,5,1,1,1,1,1,1,1,0,1,4,4,4,4,3
14681232,4,4,5,4,5,4,4,4,3,4,3,4,4,3,0,5,1,1,1,1,1,1,1,0,0,4,4,4,4,0
14685127,4,5,3,4,4,3,5,4,3,4,0,4,0,3,0,5,1,1,1,0,1,0,1,0,0,4,4,4,4,0
14690046,5,5,5,5,5,4,5,4,5,5,3,5,4,3,0,5,1,1,1,1,1,1,1,0,0,4,5,4,5,0
14694878,0,0,0,0,0,0,0,0,0,0,0,0,0,0,0,0,0,0,0,0,0,0,0,0,0,0,0,0,0,0
14707982,4,5,4,4,5,4,5,4,3,4,3,4,0,4,0,5,1,1,1,1,1,0,1,0,0,4,4,4,2,2
14725665,4,4,4,5,4,4,4,4,3,4,0,4,4,5,0,5,1,1,1,0,1,1,1,0,0,4,4,4,4,2
14726108,4,5,5,5,5,4,5,4,4,5,3,5,5,4,0,5,1,1,1,1,1,1,1,0,0,4,4,4,3,2
14729456,0,0,0,0,0,0,0,0,0,0,0,0,0,0,0,0,0,0,0,0,0,0,0,0,0,0,0,0,0,0
14733643,4,4,5,4,5,4,4,4,3,4,0,5,4,4,4,5,1,1,1,0,1,1,1,0,1,4,4,4,4,3
14757909,0,0,0,0,0,0,0,0,0,0,0,0,0,0,0,0,0,0,0,0,0,0,0,0,0,0,0,0,0,0
14759045,4,5,5,4,5,3,5,4,3,4,0,4,4,0,0,5,1,1,1,0,1,1,0,0,0,4,4,4,4,0
14761973,0,0,0,0,0,0,0,0,0,0,0,0,0,0,0,0,0,0,0,0,0,0,0,0,0,0,0,0,0,0
14763035,4,5,5,5,4,3,4,4,4,4,0,4,4,5,0,5,1,1,1,0,1,1,1,0,0,4,4,4,4,4
14764815,5,5,5,5,5,4,5,4,3,4,3,4,5,5,4,5,1,1,1,1,1,1,1,0,1,5,4,4,3,5
14771181,5,4,3,4,5,5,4,5,4,5,5,5,5,5,3,5,1,1,1,1,1,1,1,0,1,4,4,4,4,0
14777143,4,5,5,5,5,4,5,4,4,4,2,4,4,4,0,5,1,1,1,1,1,1,1,0,0,4,4,4,3,0
14788568,4,4,5,3,4,5,4,4,4,4,3,4,0,4,0,5,1,1,1,1,1,0,1,0,0,4,4,4,4,3
14796063,5,5,4,3,5,5,5,4,4,5,3,4,5,5,0,5,1,1,1,1,1,1,1,0,0,4,4,4,3,3
14798648,4,4,3,4,4,4,4,4,3,4,3,4,4,4,0,5,1,1,1,1,1,1,1,0,0,4,4,4,3,2
14801235,4,5,5,4,5,4,5,4,4,4,3,4,3,3,0,5,1,1,1,1,1,1,1,0,0,4,3,4,3,0
14815827,5,5,4,4,5,4,5,4,4,4,2,5,4,3,3,5,1,1,1,1,1,1,1,0,1,4,4,4,4,0
14822860,4,4,3,4,4,3,4,5,3,3,3,5,0,4,1,5,1,1,1,1,1,0,1,0,1,4,4,4,5,3
14824060,4,4,3,2,4,5,4,4,4,4,2,5,4,5,2,5,1,1,1,1,1,1,1,0,1,4,4,4,4,0
14826607,4,5,4,4,5,4,5,4,4,4,3,4,3,3,0,5,1,1,1,1,1,1,1,0,0,4,4,4,4,0
14846699,4,5,4,5,5,3,5,4,4,4,3,4,3,5,0,5,1,1,1,1,1,1,1,0,0,4,4,4,3,0
14851984,4,4,5,4,5,4,4,4,4,5,3,4,3,3,3,5,1,1,1,1,1,1,1,0,1,4,3,3,4,2
14859084,0,0,0,0,0,0,0,0,0,0,0,0,0,0,0,0,0,0,0,0,0,0,0,0,0,0,0,0,0,0
14887989,5,5,5,5,5,4,5,4,4,4,3,4,3,4,2,5,1,1,1,1,1,1,1,0,1,4,4,4,1,0
14889174,4,5,5,4,5,5,5,4,4,4,3,4,4,5,4,5,1,1,1,1,1,1,1,0,1,4,4,4,4,3
14905739,4,4,5,4,4,3,4,4,4,4,3,5,4,4,2,5,1,1,1,1,1,1,1,0,1,4,3,3,3,0
14918343,4,4,5,5,4,4,4,5,4,4,5,5,4,3,3,5,1,1,1,1,1,1,1,1,1,4,3,3,4,0
14921412,5,5,5,4,5,4,5,4,3,5,3,4,4,4,0,5,1,1,1,1,1,1,1,0,0,4,5,4,4,3
14929697,4,5,5,5,5,4,5,4,4,5,3,5,5,5,4,5,1,1,1,1,1,1,1,0,1,4,5,4,3,2
14933716,5,5,5,4,5,5,5,4,3,4,1,4,5,5,3,5,1,1,1,1,1,1,1,0,1,4,4,4,4,4
14938390,4,4,5,4,4,3,4,4,5,5,3,4,3,4,2,5,1,1,1,1,1,1,1,0,1,4,3,4,3,0
14942584,5,4,5,4,4,4,4,5,4,5,3,5,4,4,0,5,1,1,1,1,1,1,1,0,0,4,4,4,5,0
14943524,5,5,4,5,5,4,5,4,4,5,3,4,5,4,2,5,1,1,1,1,1,1,1,0,1,4,4,4,3,3
14945517,5,4,5,4,5,4,4,4,4,5,3,5,5,4,4,5,1,1,1,1,1,1,1,0,1,4,3,4,4,0
14948106,4,5,4,5,5,4,5,4,3,5,3,4,5,4,4,5,1,1,1,1,1,1,1,0,1,4,4,4,4,3
14956718,4,4,5,4,4,3,4,4,4,4,3,4,4,4,4,5,1,1,1,1,1,1,1,0,1,4,4,4,4,3
14961288,5,5,5,4,5,4,5,4,4,5,3,4,4,5,0,5,1,1,1,1,1,1,1,0,0,4,4,4,3,0
14963665,4,4,5,4,4,3,4,4,3,4,3,4,4,4,4,5,1,1,1,1,1,1,1,0,1,3,4,4,3,0
14965721,4,5,5,5,5,4,5,4,4,5,3,4,5,4,3,5,1,1,1,1,1,1,1,0,1,4,4,4,3,4
14976431,5,4,3,4,4,5,4,4,4,4,3,5,5,5,3,5,1,1,1,1,1,1,1,0,1,4,4,4,4,0
14980674,4,5,5,4,4,4,5,4,3,3,0,4,2,3,4,4,1,1,1,0,1,0,1,0,1,3,3,3,3,0
14984065,4,4,3,4,4,3,4,4,4,5,0,5,4,5,3,5,1,1,1,0,1,1,1,0,1,4,4,4,3,3
14984342,5,5,4,3,5,4,5,4,4,4,3,5,4,5,0,5,1,1,1,1,1,1,1,0,0,4,4,4,3,3
14986405,4,4,3,4,4,4,4,4,3,4,3,4,5,4,4,5,1,1,1,1,1,1,1,0,1,4,4,4,4,0
14989277,4,4,5,3,4,3,4,4,3,4,4,4,5,4,4,5,1,1,1,1,1,1,1,0,1,4,4,4,3,0
14989598,4,5,4,5,5,5,5,4,4,4,3,4,3,3,0,5,1,1,1,1,1,1,1,0,0,4,4,4,4,0
14992613,4,4,2,3,4,5,4,0,0,0,2,4,4,3,3,4,0,0,0,1,1,1,1,0,1,4,4,4,3,0
14992862,4,4,3,4,4,4,4,4,3,4,3,5,4,5,4,5,1,1,1,1,1,1,1,0,1,4,4,4,3,5
14993435,0,0,0,0,0,0,0,0,0,0,0,0,0,0,0,0,0,0,0,0,0,0,0,0,0,0,0,0,0,0
14994040,4,4,4,2,4,5,4,4,4,5,3,5,5,5,3,5,1,1,1,1,1,1,1,0,1,3,4,3,3,2
14995931,5,5,5,4,5,4,5,5,4,4,3,5,4,3,2,5,1,1,1,1,1,1,1,0,1,4,4,4,4,0
14998125,4,4,5,3,4,4,4,4,3,4,3,4,4,4,3,5,1,1,1,1,1,1,1,0,1,4,4,4,4,1
14998139,5,5,5,4,5,4,5,4,3,5,3,4,5,4,4,5,1,1,1,1,1,1,1,0,1,5,5,5,4,0
14999611,5,4,5,4,4,3,5,4,4,5,3,4,5,4,2,5,1,1,1,1,1,1,1,0,1,4,4,4,4,0
14999693,4,5,3,5,5,3,4,4,3,4,4,4,4,4,3,5,1,1,1,1,1,1,1,0,1,3,3,3,3,2
15002653,4,4,5,4,5,4,4,4,4,5,4,5,5,5,3,5,1,1,1,1,1,1,1,0,1,4,4,4,5,5
15005981,4,5,5,4,5,4,5,4,3,4,0,4,3,5,3,5,1,1,1,0,1,1,1,0,1,4,4,4,5,3
15006851,4,4,4,4,4,5,4,4,3,3,4,4,4,5,4,5,1,1,1,1,1,1,1,0,1,4,4,4,3,4
15008367,4,5,4,4,5,4,5,4,5,5,3,4,3,3,0,5,1,1,1,1,1,1,1,0,0,4,4,4,3,0
15013472,5,5,5,4,5,4,5,4,4,5,2,5,3,5,3,5,1,1,1,1,1,1,1,0,1,4,4,4,4,3
15014326,4,5,5,5,5,4,5,4,4,4,3,4,5,4,3,5,1,1,1,1,1,1,1,0,1,4,4,4,4,0
15017400,5,5,5,4,5,4,5,5,4,5,5,5,5,5,5,5,1,1,1,1,1,1,1,0,1,4,4,4,5,3
15025077,4,4,5,4,4,3,4,4,4,5,3,4,3,4,0,5,1,1,1,1,1,1,1,0,0,4,4,4,4,3
15033096,4,4,3,3,4,5,4,5,3,4,3,5,3,3,0,5,1,1,1,1,1,1,1,0,0,3,3,4,4,0
15033897,5,5,5,4,5,4,5,4,4,5,2,5,4,4,0,5,1,1,1,1,1,1,1,0,0,4,4,4,4,0
15034676,3,4,4,3,4,3,4,4,2,4,2,4,5,3,2,5,1,1,1,1,1,1,1,0,1,3,3,3,4,2
15037473,4,4,4,5,5,5,4,4,4,4,4,4,4,3,3,5,1,1,1,1,1,1,1,0,1,4,5,4,3,0
15039509,3,4,4,3,4,3,4,4,4,4,3,4,3,3,2,4,1,1,1,1,1,1,1,0,1,4,4,4,3,4
15042051,4,4,3,4,4,3,4,5,4,5,0,5,4,3,4,5,1,1,1,0,1,1,1,0,1,4,4,4,4,0
15042732,5,5,4,4,5,5,5,0,4,4,3,4,3,4,3,5,0,1,1,1,1,1,1,0,1,4,4,4,3,0
15043316,4,4,5,4,4,3,5,4,3,4,3,4,4,4,0,5,1,1,1,1,1,1,1,0,0,4,4,4,4,0
15044124,4,4,4,3,4,3,4,4,3,4,3,4,4,3,2,5,1,1,1,1,1,1,1,0,1,4,4,4,3,3
15045231,4,5,5,5,4,4,5,4,4,5,2,4,4,2,0,5,1,1,1,1,1,1,1,0,0,4,4,4,3,0
15050355,4,4,5,4,5,4,5,4,3,4,3,4,5,3,0,5,1,1,1,1,1,1,1,0,0,4,4,4,3,0
15053577,5,4,5,3,5,4,4,4,4,4,0,4,3,3,0,5,1,1,1,0,1,1,1,0,0,4,3,4,2,1
15064744,4,4,5,3,4,3,4,4,5,5,3,4,5,4,4,5,1,1,1,1,1,1,1,0,1,4,3,4,4,2
15067447,0,0,0,0,0,0,0,0,0,0,0,0,0,0,0,0,0,0,0,0,0,0,0,0,0,0,0,0,0,0
15067615,4,5,4,4,5,3,5,5,3,3,2,5,2,3,0,4,1,1,1,1,1,0,1,0,0,3,4,3,3,0
15089855,0,0,0,0,0,0,0,0,0,0,0,0,0,0,0,0,0,0,0,0,0,0,0,0,0,0,0,0,0,0
15091116,3,4,3,4,4,3,4,4,3,3,3,4,0,3,0,4,1,1,1,1,1,0,1,0,0,3,3,3,4,0
15101992,4,4,4,4,4,4,4,4,4,4,3,4,4,3,4,5,1,1,1,1,1,1,1,0,1,4,4,4,4,3
15111130,4,4,5,5,4,4,4,4,3,4,2,5,4,0,2,5,1,1,1,1,1,1,0,0,1,2,3,2,3,0
15127909,4,4,5,3,4,5,4,4,3,4,2,4,5,3,0,5,1,1,1,1,1,1,1,0,0,4,4,3,4,0
15132755,4,5,5,4,5,4,5,5,1,4,3,5,3,5,4,5,1,1,1,1,1,1,1,0,1,4,4,4,4,3
15151698,4,4,2,5,3,4,4,4,3,3,3,4,3,3,0,4,1,1,1,1,1,1,1,0,0,4,4,4,2,0
15153696,5,5,5,4,5,4,5,5,4,5,3,5,4,3,2,5,1,1,1,1,1,1,1,0,1,4,4,4,3,0
15158582,5,4,5,3,4,4,4,4,5,5,2,4,4,4,3,5,1,1,1,1,1,1,1,0,1,0,3,0,0,0
15163350,3,0,2,2,0,0,0,5,5,5,3,5,4,2,3,0,1,1,1,1,1,1,1,0,1,0,3,0,0,0
15164593,3,0,2,4,0,0,0,4,4,5,3,4,4,5,0,0,1,1,1,1,1,1,1,0,0,0,3,0,0,0
15164972,3,0,3,2,0,0,0,3,3,4,2,4,3,4,0,0,1,1,1,1,1,1,1,0,0,0,3,0,0,2
15165987,4,0,5,4,0,0,0,4,4,4,3,4,3,5,2,0,1,1,1,1,1,1,1,0,1,0,4,0,0,0
15167092,4,0,5,3,0,0,0,4,3,4,3,4,4,4,0,0,1,1,1,1,1,1,1,0,0,0,3,0,0,0
15170812,3,0,3,4,0,0,0,4,4,5,3,4,4,3,3,0,1,1,1,1,1,1,1,0,1,0,4,0,0,3
15174444,3,0,2,3,0,0,0,4,2,4,2,4,4,3,0,0,1,1,1,1,1,1,1,0,0,0,3,0,0,0
15176458,3,0,3,4,0,0,0,4,3,4,0,4,4,4,0,0,1,1,1,0,1,1,1,0,0,0,3,0,0,0
15178793,4,0,3,2,0,0,0,4,3,3,4,4,4,5,2,0,1,1,1,1,1,1,1,0,1,0,3,0,0,3
15183204,3,0,4,3,0,0,0,4,3,4,2,4,3,3,0,0,1,1,1,1,1,1,1,0,0,0,3,0,0,0
15183698,3,0,3,3,0,0,0,4,3,4,3,4,4,3,3,0,1,1,1,1,1,1,1,0,1,0,3,0,0,0
15185152,3,0,2,2,0,0,0,4,3,3,2,4,3,2,0,0,1,1,1,1,1,1,1,0,0,0,3,0,0,1
15186369,4,0,5,3,0,0,0,5,3,4,3,5,4,3,0,0,1,1,1,1,1,1,1,0,0,0,3,0,0,0
15193909,3,0,5,2,0,0,0,3,4,4,2,3,4,5,2,0,1,1,1,1,1,1,1,0,1,0,3,0,0,0
15194278,4,0,5,4,0,0,0,3,3,3,1,4,4,4,3,0,1,1,1,1,1,1,1,0,1,0,3,0,0,0
15194633,4,0,5,4,0,0,0,4,4,4,3,4,5,4,3,0,1,1,1,1,1,1,1,0,1,0,4,0,0,2
15194749,4,0,5,3,0,0,0,4,4,4,2,5,5,5,0,0,1,1,1,1,1,1,1,0,0,0,3,0,0,0
15195010,3,0,2,4,0,0,0,4,0,0,0,4,3,4,0,0,1,0,0,0,1,1,1,0,0,0,3,0,0,2
15195550,4,0,2,2,0,0,0,4,2,3,0,4,3,5,2,0,1,1,1,0,1,1,1,0,1,0,3,0,0,3
15195551,4,0,5,3,0,0,0,4,3,4,3,4,4,3,3,0,1,1,1,1,1,1,1,0,1,0,3,0,0,0
15195769,3,0,2,3,0,0,0,4,4,4,4,4,0,4,0,0,1,1,1,1,1,0,1,0,0,0,3,0,0,0
15197850,3,0,2,4,0,0,0,4,3,4,2,4,4,3,3,0,1,1,1,1,1,1,1,0,1,0,3,0,0,0
15198002,3,0,4,3,0,0,0,5,4,4,0,5,5,2,0,0,1,1,1,0,1,1,1,0,0,0,2,0,0,0
15200437,3,0,4,2,0,0,0,4,3,4,3,4,4,4,3,0,1,1,1,1,1,1,1,0,1,0,3,0,0,0
15202605,3,0,2,3,0,0,0,4,3,4,2,4,2,1,4,0,1,1,1,1,1,1,1,0,1,0,3,0,0,1
15206655,3,0,2,3,0,0,0,4,3,3,2,4,2,3,0,0,1,1,1,1,1,1,1,0,0,0,2,0,0,0
15206747,4,0,5,3,0,0,0,4,4,5,3,4,5,4,4,0,1,1,1,1,1,1,1,0,1,0,3,0,0,0
15207042,3,0,3,2,0,0,0,4,4,5,3,4,4,4,3,0,1,1,1,1,1,1,1,0,1,0,3,0,0,0
15207463,4,0,5,3,0,0,0,4,3,3,3,4,4,4,4,0,1,1,1,1,1,1,1,0,1,0,3,0,0,3
15209204,4,0,5,4,0,0,0,3,3,4,3,3,3,3,0,0,1,1,1,1,1,1,1,0,0,0,3,0,0,2
15209475,0,0,0,0,0,0,0,0,0,0,0,0,0,0,0,0,0,0,0,0,0,0,0,0,0,0,0,0,0,0
15209710,0,0,0,0,0,0,0,0,0,0,0,0,0,0,0,0,0,0,0,0,0,0,0,0,0,0,0,0,0,0
15210127,4,0,3,4,0,0,0,5,2,4,3,5,4,0,2,0,1,1,1,1,1,1,0,0,1,0,3,0,0,0
15210489,4,0,4,3,0,0,0,3,4,4,3,3,4,5,3,0,1,1,1,1,1,1,1,0,1,0,3,0,0,0
15210775,3,0,4,2,0,0,0,4,4,4,3,4,4,0,2,0,1,1,1,1,1,1,0,0,1,0,3,0,0,0
15212696,3,0,4,3,0,0,0,4,4,4,3,4,3,3,0,0,1,1,1,1,1,1,1,0,0,0,3,0,0,0
15212852,4,0,2,4,0,0,0,5,4,3,0,5,5,3,3,0,1,1,1,0,1,1,1,1,1,0,3,0,0,0
15214695,4,0,5,3,0,0,0,4,4,4,3,4,5,4,2,0,1,1,1,1,1,1,1,0,1,0,3,0,0,1
15217727,4,0,4,3,0,0,0,4,4,5,3,4,5,4,3,0,1,1,1,1,1,1,1,0,1,0,3,0,0,0
15218145,0,0,0,0,0,0,0,0,0,0,0,0,0,0,0,0,0,0,0,0,0,0,0,0,0,0,0,0,0,0
15218889,4,0,5,3,0,0,0,3,3,4,3,4,5,4,3,0,1,1,1,1,1,1,1,0,1,0,4,0,0,0
15219564,4,0,3,3,0,0,0,5,4,4,3,5,5,4,2,0,1,1,1,1,1,1,1,0,1,0,3,0,0,3
15223489,4,0,2,2,0,0,0,5,3,4,4,5,4,4,0,0,1,1,1,1,1,1,1,0,0,0,4,0,0,2
15223902,0,0,0,0,0,0,0,0,0,0,0,0,0,0,0,0,0,0,0,0,0,0,0,0,0,0,0,0,0,0
15224187,4,0,4,3,0,0,0,3,4,4,2,3,3,4,2,0,1,1,1,1,1,1,1,0,1,0,3,0,0,3
15226798,4,0,3,4,0,0,0,4,3,4,3,4,4,3,3,0,1,1,1,1,1,1,1,0,1,0,4,0,0,0
15228591,3,0,4,3,0,0,0,4,3,4,3,4,5,4,3,0,1,1,1,1,1,1,1,0,1,0,3,0,0,0
15228783,4,0,3,5,0,0,0,4,3,3,1,4,3,4,2,0,1,1,1,1,1,1,1,0,1,0,4,0,0,3
15229796,4,0,5,3,0,0,0,3,3,4,0,3,3,3,3,0,1,1,1,0,1,1,1,0,1,0,2,0,0,0
15230311,4,0,5,4,0,0,0,5,3,4,4,5,4,5,0,0,1,1,1,1,1,1,1,0,0,0,4,0,0,3
15233099,4,0,5,4,0,0,0,4,4,4,3,4,4,4,0,0,1,1,1,1,1,1,1,0,0,0,4,0,0,2
15234130,4,0,3,4,0,0,0,4,3,4,3,5,4,0,0,0,1,1,1,1,1,1,0,0,0,0,3,0,0,0
15235593,4,0,5,4,0,0,0,4,4,4,0,4,4,5,3,0,1,1,1,0,1,1,1,0,1,0,4,0,0,3
15236199,4,0,2,4,0,0,0,4,3,4,3,4,5,4,0,0,1,1,1,1,1,1,1,1,0,0,3,0,0,0
15236540,3,0,4,2,0,0,0,4,4,4,3,4,4,4,3,0,1,1,1,1,1,1,1,0,1,0,3,0,0,3
15237049,4,0,5,3,0,0,0,5,4,4,3,5,4,4,0,0,1,1,1,1,1,1,1,0,0,0,3,0,0,0
15238489,3,0,2,3,0,0,0,4,3,3,2,4,4,1,3,0,1,1,1,1,1,1,1,0,1,0,3,0,0,0
15239954,3,0,4,3,0,0,0,5,3,4,0,5,4,3,0,0,1,1,1,0,1,1,1,0,0,0,3,0,0,0
15240101,4,0,5,4,0,0,0,4,3,4,0,4,4,4,3,0,1,1,1,0,1,1,1,0,1,0,4,0,0,3
15240237,4,0,5,3,0,0,0,4,3,4,3,4,4,4,3,0,1,1,1,1,1,1,1,0,1,0,4,0,0,0
15240800,3,0,4,3,0,0,0,4,3,4,4,4,3,4,2,0,1,1,1,1,1,1,1,0,1,0,3,0,0,0
15243078,4,0,3,3,0,0,0,4,4,5,3,4,5,4,0,0,1,1,1,1,1,1,1,0,0,0,3,0,0,0
15247492,4,0,5,4,0,0,0,4,4,4,3,4,4,3,0,0,1,1,1,1,1,1,1,0,0,0,4,0,0,3
15248881,4,0,4,3,0,0,0,4,3,4,2,4,4,5,2,0,1,1,1,1,1,1,1,0,1,0,3,0,0,2
15250076,3,0,4,3,0,0,0,4,4,4,3,4,5,4,5,0,1,1,1,1,1,1,1,0,1,0,3,0,0,0
15252816,3,0,4,2,0,0,0,4,4,4,0,4,4,3,0,0,1,1,1,0,1,1,1,0,0,0,3,0,0,0
15254708,3,0,2,2,0,0,0,3,4,4,3,3,3,3,2,0,1,1,1,1,1,1,1,0,1,0,3,0,0,0
15257295,0,0,0,0,0,0,0,0,0,0,0,0,0,0,0,0,0,0,0,0,0,0,0,0,0,0,0,0,0,0
15258548,3,0,4,3,0,0,0,4,4,4,3,4,5,4,0,0,1,1,1,1,1,1,1,0,0,0,4,0,0,1
15258926,3,0,4,2,0,0,0,2,4,4,3,3,4,5,3,0,1,1,1,1,1,1,1,0,1,0,3,0,0,0
15259474,4,0,5,4,0,0,0,4,4,4,3,4,5,4,4,0,1,1,1,1,1,1,1,0,1,0,3,0,0,3
15263455,4,0,3,3,0,0,0,4,3,4,2,4,4,2,0,0,1,1,1,1,1,1,1,0,0,0,3,0,0,0
15263826,4,0,5,4,0,0,0,3,4,4,3,3,4,2,0,0,1,1,1,1,1,1,1,0,0,0,4,0,0,0
15264571,4,0,3,3,0,0,0,4,3,4,3,4,4,4,0,0,1,1,1,1,1,1,1,0,0,0,4,0,0,0
15264836,4,0,5,5,0,0,0,5,4,4,0,5,5,4,2,0,1,1,1,0,1,1,1,0,1,0,3,0,0,0
15267965,3,0,4,4,0,0,0,4,3,4,2,4,5,4,3,0,1,1,1,1,1,1,1,0,1,0,3,0,0,0
15268346,4,0,5,2,0,0,0,4,4,5,3,4,5,4,0,0,1,1,1,1,1,1,1,0,0,0,3,0,0,1
15270157,4,0,2,4,0,0,0,5,4,4,4,5,1,3,0,0,1,1,1,1,1,0,1,0,0,0,3,0,0,0
15271905,3,0,3,2,0,0,0,5,4,4,3,5,5,5,3,0,1,1,1,1,1,1,1,0,1,0,3,0,0,0
15271980,0,0,0,0,0,0,0,0,0,0,0,0,0,0,0,0,0,0,0,0,0,0,0,0,0,0,0,0,0,0
15273506,3,0,2,3,0,0,0,3,3,4,2,4,4,5,0,0,1,1,1,1,1,1,1,0,0,0,3,0,0,0
15273523,4,0,4,3,0,0,0,4,3,4,3,5,4,5,3,0,1,1,1,1,1,1,1,0,1,0,3,0,0,4
15274054,3,0,4,2,0,0,0,4,4,4,3,4,4,3,3,0,1,1,1,1,1,1,1,0,1,0,3,0,0,0
15275122,4,0,3,3,0,0,0,4,3,3,3,4,4,4,3,0,1,1,1,1,1,1,1,0,1,0,3,0,0,0
15278670,4,0,3,3,0,0,0,4,3,4,4,4,4,3,0,0,1,1,1,1,1,1,1,0,0,0,3,0,0,0
15279170,3,0,2,2,0,0,0,5,3,4,2,5,4,5,3,0,1,1,1,1,1,1,1,0,1,0,3,0,0,2
15279738,4,0,4,3,0,0,0,5,4,4,3,5,4,5,3,0,1,1,1,1,1,1,1,0,1,0,4,0,0,0
15279978,4,0,3,5,0,0,0,3,2,2,3,3,3,4,0,0,1,1,1,1,1,1,1,0,0,0,3,0,0,2
15280119,4,0,3,4,0,0,0,4,4,5,3,4,5,5,4,0,1,1,1,1,1,1,1,0,1,0,3,0,0,3
15284397,3,0,2,4,0,0,0,5,4,5,0,5,5,4,4,0,1,1,1,0,1,1,1,1,1,0,2,0,0,0
15285106,4,0,5,4,0,0,0,4,3,4,2,4,4,3,2,0,1,1,1,1,1,1,1,0,1,0,3,0,0,1
15286088,4,0,4,3,0,0,0,4,4,5,3,4,4,5,2,0,1,1,1,1,1,1,1,0,1,0,3,0,0,2
15286490,3,0,4,3,0,0,0,4,3,4,3,4,3,5,0,0,1,1,1,1,1,1,1,0,0,0,3,0,0,0
15288814,3,0,3,2,0,0,0,4,3,4,0,4,3,3,2,0,1,1,1,0,1,1,1,0,1,0,3,0,0,3
15291501,4,0,5,3,0,0,0,3,5,5,2,4,5,5,4,0,1,1,1,1,1,1,1,0,1,0,4,0,0,3
15295436,3,0,4,3,0,0,0,4,4,4,3,4,4,3,3,0,1,1,1,1,1,1,1,0,1,0,4,0,0,2
15297831,4,0,4,3,0,0,0,5,4,4,0,5,4,4,0,0,1,1,1,0,1,1,1,0,0,0,4,0,0,0
15299512,4,0,5,3,0,0,0,5,4,5,3,5,4,3,0,0,1,1,1,1,1,1,1,0,0,0,3,0,0,0
15301743,3,0,4,2,0,0,0,4,4,4,2,4,4,5,4,0,1,1,1,1,1,1,1,0,1,0,3,0,0,4
15305344,4,0,3,4,0,0,0,4,4,4,3,4,3,3,0,0,1,1,1,1,1,1,1,0,0,0,2,0,0,1
15305883,3,0,4,2,0,0,0,4,4,5,3,4,4,4,2,0,1,1,1,1,1,1,1,0,1,0,3,0,0,1
15307295,4,0,5,3,0,0,0,4,4,4,3,4,3,4,2,0,1,1,1,1,1,1,1,0,1,0,3,0,0,2
15322568,4,0,5,4,0,0,0,3,3,4,3,4,4,3,3,0,1,1,1,1,1,1,1,0,1,0,4,0,0,0
15325850,4,0,5,4,0,0,0,4,3,3,2,4,5,2,0,0,1,1,1,1,1,1,1,1,0,0,4,0,0,2
15326614,0,0,0,0,0,0,0,0,0,0,0,0,0,0,0,0,0,0,0,0,0,0,0,0,0,0,0,0,0,0
15334534,4,0,5,4,0,0,0,4,3,4,3,4,5,5,0,0,1,1,1,1,1,1,1,0,0,0,4,0,0,3
15335959,3,0,2,3,0,0,0,4,3,3,3,4,4,5,3,0,1,1,1,1,1,1,1,0,1,0,3,0,0,2
15341407,4,0,5,4,0,0,0,4,3,4,3,4,4,4,0,0,1,1,1,1,1,1,1,0,0,0,3,0,0,2
15342997,4,0,2,4,0,0,0,4,2,3,1,4,3,3,0,0,1,1,1,1,1,1,1,0,0,0,4,0,0,0
15345167,4,0,5,3,0,0,0,4,4,4,0,4,5,4,0,0,1,1,1,0,1,1,1,0,0,0,4,0,0,0
15346762,4,0,3,2,0,0,0,4,4,4,2,4,4,3,3,0,1,1,1,1,1,1,1,0,1,0,2,0,0,0
15349443,4,0,5,3,0,0,0,4,3,4,3,4,4,4,0,0,1,1,1,1,1,1,1,0,0,0,3,0,0,3
15350202,3,0,5,4,0,0,0,4,4,4,3,4,4,3,0,0,1,1,1,1,1,1,1,0,0,0,3,0,0,0
15351540,4,0,5,3,0,0,0,3,4,4,4,3,3,4,2,0,1,1,1,1,1,1,1,0,1,0,3,0,0,0
15352861,4,0,3,4,0,0,0,4,3,4,0,4,5,3,4,0,1,1,1,0,1,1,1,0,1,0,3,0,0,2
15357052,4,0,2,3,0,0,0,4,4,4,3,4,3,3,0,0,1,1,1,1,1,1,1,0,0,0,3,0,0,0
15368561,3,0,2,4,0,0,0,4,3,3,2,4,4,5,3,0,1,1,1,1,1,1,1,0,1,0,3,0,0,3
15382033,3,0,4,3,0,0,0,4,4,4,3,4,2,3,3,0,1,1,1,1,1,1,1,0,1,0,3,0,0,2
15383604,3,0,4,2,0,0,0,4,3,4,3,4,3,4,2,0,1,1,1,1,1,1,1,0,1,0,3,0,0,0
15384142,3,0,5,4,0,0,0,4,4,4,2,5,5,5,3,0,1,1,1,1,1,1,1,0,1,0,3,0,0,0
15386794,3,0,4,2,0,0,0,4,3,4,3,4,4,5,0,0,1,1,1,1,1,1,1,0,0,0,3,0,0,3
15391517,3,0,4,2,0,0,0,4,3,4,2,4,5,3,4,0,1,1,1,1,1,1,1,0,1,0,3,0,0,0
15401442,4,0,4,3,0,0,0,3,3,4,2,4,4,5,2,0,1,1,1,1,1,1,1,0,1,0,4,0,0,3
15402989,4,0,5,4,0,0,0,4,4,4,3,4,5,3,3,0,1,1,1,1,1,1,1,0,1,0,4,0,0,2
15405843,3,0,4,2,0,0,0,4,2,3,2,4,4,3,3,0,1,1,1,1,1,1,1,0,1,0,3,0,0,0
15407606,3,0,4,3,0,0,0,4,4,4,3,4,5,3,3,0,1,1,1,1,1,1,1,0,1,0,3,0,0,0
15422776,3,0,3,4,0,0,0,4,3,4,3,4,4,3,3,0,1,1,1,1,1,1,1,0,1,0,3,0,0,1
15423313,3,0,2,3,0,0,0,4,3,4,3,4,4,3,0,0,1,1,1,1,1,1,1,0,0,0,4,0,0,2
15426959,4,0,5,4,0,0,0,4,3,4,3,4,4,4,3,0,1,1,1,1,1,1,1,0,1,0,3,0,0,0
15427466,4,0,5,5,0,0,0,4,4,4,3,4,5,4,3,0,1,1,1,1,1,1,1,0,1,0,4,0,0,3
15429502,4,0,5,4,0,0,0,5,4,5,3,5,5,4,2,0,1,1,1,1,1,1,1,0,1,0,4,0,0,1
15430173,3,0,4,3,0,0,0,4,4,4,3,4,5,4,5,0,1,1,1,1,1,1,1,0,1,0,3,0,0,0
15430184,3,0,2,2,0,0,0,3,3,4,2,4,4,3,0,0,1,1,1,1,1,1,1,0,0,0,3,0,0,0
15430288,4,0,4,4,0,0,0,5,3,4,3,5,4,4,0,0,1,1,1,1,1,1,1,0,0,0,4,0,0,0
15433553,4,0,5,3,0,0,0,5,4,5,2,5,5,5,4,0,1,1,1,1,1,1,1,0,1,0,4,0,0,0
15434491,3,0,4,3,0,0,0,4,4,4,3,4,4,4,3,0,1,1,1,1,1,1,1,0,1,0,3,0,0,1
15435487,4,0,3,4,0,0,0,4,3,4,3,4,4,3,2,0,1,1,1,1,1,1,1,0,1,0,2,0,0,0
15436182,4,0,3,3,0,0,0,3,4,4,3,3,4,4,3,0,1,1,1,1,1,1,1,0,1,0,3,0,0,0
15437231,3,0,2,3,0,0,0,4,3,3,0,4,3,3,2,0,1,1,1,0,1,1,1,0,1,0,3,0,0,0
15437488,4,0,2,3,0,0,0,4,4,4,3,4,4,5,0,0,1,1,1,1,1,1,1,0,0,0,4,0,0,3
15438114,3,0,4,2,0,0,0,4,3,4,3,4,3,4,0,0,1,1,1,1,1,1,1,0,0,0,3,0,0,2
15438215,4,0,4,3,0,0,0,4,4,4,3,4,4,5,0,0,1,1,1,1,1,1,1,0,0,0,3,0,0,1
15438478,3,0,2,3,0,0,0,4,3,4,3,4,4,4,2,0,1,1,1,1,1,1,1,0,1,0,3,0,0,2
15438630,4,0,5,3,0,0,0,3,4,4,3,4,4,4,3,0,1,1,1,1,1,1,1,0,1,0,4,0,0,2
15438836,3,0,4,3,0,0,0,4,4,4,0,4,4,2,0,0,1,1,1,0,1,1,1,0,0,0,3,0,0,0
15439582,3,0,4,3,0,0,0,4,3,4,2,4,4,3,3,0,1,1,1,1,1,1,1,0,1,0,3,0,0,2
15441418,0,0,0,0,0,0,0,0,0,0,0,0,0,0,0,0,0,0,0,0,0,0,0,0,0,0,0,0,0,0
15441469,4,0,4,3,0,0,0,0,5,5,2,2,4,2,2,0,0,1,1,1,1,1,1,0,1,0,4,0,0,0
15442411,4,0,5,4,0,0,0,4,4,4,3,4,4,4,4,0,1,1,1,1,1,1,1,0,1,0,3,0,0,2
15442575,4,0,5,3,0,0,0,5,4,5,2,4,4,4,0,0,1,1,1,1,1,1,1,0,0,0,3,0,0,0
15444184,4,0,5,3,0,0,0,4,4,5,3,4,4,4,3,0,1,1,1,1,1,1,1,0,1,0,3,0,0,0
15445477,3,0,2,2,0,0,0,4,4,4,3,4,5,4,0,0,1,1,1,1,1,1,1,0,0,0,2,0,0,0
15445915,3,0,4,4,0,0,0,4,4,4,2,5,4,4,4,0,1,1,1,1,1,1,1,0,1,0,3,0,0,2
15447199,4,0,3,4,0,0,0,3,3,4,3,4,3,3,4,0,1,1,1,1,1,1,1,0,1,0,4,0,0,1
15448877,3,0,4,4,0,0,0,4,4,4,0,4,4,5,3,0,1,1,1,0,1,1,1,0,1,0,4,0,0,3
15448971,4,0,3,4,0,0,0,2,3,3,2,3,2,4,0,0,1,1,1,1,1,1,1,0,0,0,4,0,0,4
15449250,4,0,5,3,0,0,0,4,4,4,3,4,4,5,4,0,1,1,1,1,1,1,1,0,1,0,3,0,0,3
15449615,4,0,5,4,0,0,0,4,4,5,2,4,5,4,0,0,1,1,1,1,1,1,1,0,0,0,3,0,0,0
15450175,3,0,2,4,0,0,0,4,3,3,4,5,4,4,4,0,1,1,1,1,1,1,1,0,1,0,3,0,0,2
15451371,4,0,5,5,0,0,0,3,3,4,4,4,4,3,3,0,1,1,1,1,1,1,1,0,1,0,4,0,0,2
15451514,4,0,3,3,0,0,0,3,3,4,3,3,4,4,3,0,1,1,1,1,1,1,1,0,1,0,3,0,0,0
15455767,2,0,3,3,0,0,0,4,4,4,3,4,5,4,2,0,1,1,1,1,1,1,1,0,1,0,3,0,0,0
15455854,3,0,3,3,0,0,0,4,0,0,0,4,0,2,2,0,1,0,0,0,1,0,1,0,1,0,3,0,0,0
15456656,0,0,0,0,0,0,0,0,0,0,0,0,0,0,0,0,0,0,0,0,0,0,0,0,0,0,0,0,0,0
15457219,3,0,2,3,0,0,0,4,4,5,3,4,4,0,3,0,1,1,1,1,1,1,0,0,1,0,3,0,0,1
15458564,4,0,5,4,0,0,0,4,4,4,3,4,3,3,2,0,1,1,1,1,1,1,1,0,1,0,3,0,0,0
15459231,3,0,4,3,0,0,0,4,2,4,3,4,4,4,0,0,1,1,1,1,1,1,1,0,0,0,4,0,0,0
15459338,3,0,4,2,0,0,0,4,2,3,3,4,2,4,0,0,1,1,1,1,1,1,1,0,0,0,3,0,0,0
15461366,4,0,5,3,0,0,0,4,4,5,3,4,4,5,3,0,1,1,1,1,1,1,1,0,1,0,3,0,0,3
15461947,3,0,4,3,0,0,0,0,3,3,3,4,4,5,3,0,0,1,1,1,1,1,1,0,1,0,4,0,0,0
15466500,3,0,3,3,0,0,0,4,2,3,2,5,4,3,0,0,1,1,1,1,1,1,1,0,0,0,3,0,0,1
15466767,3,0,4,3,0,0,0,4,3,4,3,4,4,4,0,0,1,1,1,1,1,1,1,0,0,0,3,0,0,0
15469845,4,0,2,2,0,0,0,4,4,5,5,4,5,5,0,0,1,1,1,1,1,1,1,0,0,0,3,0,0,1
15471667,4,0,3,3,0,0,0,4,3,3,0,4,4,3,3,0,1,1,1,0,1,1,1,0,1,0,3,0,0,0
15473516,4,0,5,4,0,0,0,4,3,4,3,4,4,4,0,0,1,1,1,1,1,1,1,0,0,0,2,0,0,0
15475438,3,0,2,3,0,0,0,4,3,4,2,4,2,3,3,0,1,1,1,1,1,1,1,0,1,0,3,0,0,0
15475455,3,0,3,4,0,0,0,4,5,4,3,4,5,4,4,0,1,1,1,1,1,1,1,0,1,0,4,0,0,2
15477787,4,0,3,3,0,0,0,4,3,4,3,4,4,4,0,0,1,1,1,1,1,1,1,0,0,0,3,0,0,0
15477852,3,0,2,2,0,0,0,3,3,4,2,3,4,2,2,0,1,1,1,1,1,1,1,0,1,0,4,0,0,0
15477868,4,0,2,3,0,0,0,5,4,5,3,5,4,3,0,0,1,1,1,1,1,1,1,0,0,0,4,0,0,0
15477871,4,0,5,3,0,0,0,3,4,4,3,4,4,4,3,0,1,1,1,1,1,1,1,0,1,0,4,0,0,0
15477964,4,0,4,4,0,0,0,4,4,5,0,4,5,4,3,0,1,1,1,0,1,1,1,0,1,0,3,0,0,2
15481385,4,0,5,4,0,0,0,4,3,4,0,4,3,4,0,0,1,1,1,0,1,1,1,0,0,0,3,0,0,0
15483722,4,0,5,3,0,0,0,4,3,4,3,4,5,3,2,0,1,1,1,1,1,1,1,0,1,0,3,0,0,0
15485159,4,0,5,4,0,0,0,4,3,4,2,4,4,2,0,0,1,1,1,1,1,1,1,0,0,0,3,0,0,2
15485995,3,0,3,3,0,0,0,4,3,4,3,4,4,4,2,0,1,1,1,1,1,1,1,0,1,0,4,0,0,0
15487714,3,0,4,2,0,0,0,4,4,4,3,4,4,3,3,0,1,1,1,1,1,1,1,0,1,0,2,0,0,1
15487988,4,0,4,3,0,0,0,3,3,4,3,3,3,4,2,0,1,1,1,1,1,1,1,0,1,0,3,0,0,1
15488133,3,0,2,4,0,0,0,4,4,4,3,4,5,4,0,0,1,1,1,1,1,1,1,0,0,0,3,0,0,0
15488220,3,0,4,2,0,0,0,3,3,3,3,3,3,3,3,0,1,1,1,1,1,1,1,0,1,0,2,0,0,2
15489384,4,0,2,2,0,0,0,4,3,4,2,4,4,3,4,0,1,1,1,1,1,1,1,0,1,0,3,0,0,0
15489613,4,0,5,4,0,0,0,0,3,4,3,0,4,5,2,0,0,1,1,1,0,1,1,0,1,0,4,0,0,2
15489728,4,0,3,2,0,0,0,4,4,4,3,4,4,4,0,0,1,1,1,1,1,1,1,0,0,0,3,0,0,0
15495095,4,0,5,4,0,0,0,4,4,5,3,4,4,3,3,0,1,1,1,1,1,1,1,0,1,0,3,0,0,0
15497407,3,0,4,3,0,0,0,4,3,4,0,4,4,4,0,0,1,1,1,0,1,1,1,0,0,0,3,0,0,0
15498626,3,0,4,2,0,0,0,3,4,4,0,4,4,4,3,0,1,1,1,0,1,1,1,0,1,0,3,0,0,0
15501239,3,0,2,4,0,0,0,4,3,3,3,4,4,2,2,0,1,1,1,1,1,1,1,0,1,0,3,0,0,0
15506404,3,0,4,3,0,0,0,4,4,5,4,4,5,4,5,0,1,1,1,1,1,1,1,0,1,0,3,0,0,0
15507913,0,0,0,0,0,0,0,0,0,0,0,0,0,0,0,0,0,0,0,0,0,0,0,0,0,0,0,0,0,0
15508034,3,0,5,4,0,0,0,4,3,3,4,4,4,3,4,0,1,1,1,1,1,1,1,0,1,0,3,0,0,3
15509727,4,0,4,3,0,0,0,4,4,4,2,4,4,2,3,0,1,1,1,1,1,1,1,0,1,0,4,0,0,2
15510398,3,0,4,3,0,0,0,4,3,3,2,4,4,1,4,0,1,1,1,1,1,1,1,0,1,0,3,0,0,0
15511463,3,0,5,4,0,0,0,3,4,4,0,4,4,3,2,0,1,1,1,0,1,1,1,0,1,0,3,0,0,0
15512750,3,0,4,5,0,0,0,4,4,4,3,4,3,4,3,0,1,1,1,1,1,1,1,0,1,0,3,0,0,3
15512794,3,0,4,3,0,0,0,4,3,4,3,4,4,4,4,0,1,1,1,1,1,1,1,0,1,0,3,0,0,2
15513606,0,0,0,0,0,0,0,0,0,0,0,0,0,0,0,0,0,0,0,0,0,0,0,0,0,0,0,0,0,0
15514887,3,0,4,3,0,0,0,4,3,4,3,4,2,4,3,0,1,1,1,1,1,1,1,0,1,0,3,0,0,3
15515278,0,0,0,0,0,0,0,0,0,0,0,0,0,0,0,0,0,0,0,0,0,0,0,0,0,0,0,0,0,0
15515312,4,0,3,3,0,0,0,3,2,3,3,3,4,0,4,0,1,1,1,1,1,1,0,0,1,0,4,0,0,0
15516216,3,0,4,2,0,0,0,3,3,4,3,4,4,4,2,0,1,1,1,1,1,1,1,0,1,0,3,0,0,0
15516657,3,0,2,3,0,0,0,4,4,5,4,4,3,3,3,0,1,1,1,1,1,1,1,0,1,0,3,0,0,0
15517286,4,0,3,2,0,0,0,4,3,4,2,4,4,3,3,0,1,1,1,1,1,1,1,0,1,0,3,0,0,0
15517521,4,0,5,3,0,0,0,3,4,4,3,3,4,5,3,0,1,1,1,1,1,1,1,0,1,0,3,0,0,1
15517593,4,0,5,2,0,0,0,3,3,3,3,4,4,5,5,0,1,1,1,1,1,1,1,0,1,0,3,0,0,2
15518203,3,0,2,3,0,0,0,4,4,4,0,4,4,5,4,0,1,1,1,0,1,1,1,0,1,0,3,0,0,2
15518315,4,0,2,4,0,0,0,4,3,4,2,4,4,3,3,0,1,1,1,1,1,1,1,0,1,0,4,0,0,3
15518729,3,0,4,2,0,0,0,4,3,3,3,3,4,4,3,0,1,1,1,1,1,1,1,0,1,0,3,0,0,2
15519800,4,0,2,4,0,0,0,4,4,4,2,4,4,3,2,0,1,1,1,1,1,1,1,0,1,0,4,0,0,2
15522165,3,0,2,3,0,0,0,4,3,3,3,4,3,4,3,0,1,1,1,1,1,1,1,0,1,0,3,0,0,0
15531010,3,0,5,4,0,0,0,4,4,4,2,4,3,2,2,0,1,1,1,1,1,1,1,0,1,0,3,0,0,2
15531011,4,0,5,3,0,0,0,4,3,3,2,4,3,4,0,0,1,1,1,1,1,1,1,0,0,0,3,0,0,3
15531206,3,0,2,3,0,0,0,4,3,4,2,4,3,3,0,0,1,1,1,1,1,1,1,0,0,0,3,0,0,0
15532308,3,0,4,4,0,0,0,0,4,4,3,4,3,5,4,0,0,1,1,1,1,1,1,0,1,0,3,0,0,0
15534392,4,0,5,4,0,0,0,4,4,4,2,4,5,4,4,0,1,1,1,1,1,1,1,0,1,0,3,0,0,0
15541340,4,0,2,3,0,0,0,0,3,4,4,3,4,4,3,0,0,1,1,1,1,1,1,0,1,0,3,0,0,0
15546635,4,0,4,3,0,0,0,4,4,5,3,4,5,4,0,0,1,1,1,1,1,1,1,0,0,0,4,0,0,0
15546833,5,0,5,5,0,0,0,4,4,5,3,4,5,4,2,0,1,1,1,1,1,1,1,0,0,0,4,0,0,0
15546879,4,0,5,3,0,0,0,3,4,4,3,3,4,4,3,0,1,1,1,1,1,1,1,0,1,0,2,0,0,0
15549267,3,0,4,3,0,0,0,4,3,4,5,4,5,0,0,0,1,1,1,1,1,1,0,0,0,0,4,0,0,0
15553475,4,0,5,4,0,0,0,3,3,4,0,3,4,4,2,0,1,1,1,0,1,1,1,0,1,0,4,0,0,3
15555425,3,0,2,2,0,0,0,2,4,4,3,2,4,4,4,0,1,1,1,1,1,1,1,0,1,0,3,0,0,0
15555872,3,0,3,3,0,0,0,4,2,2,2,4,0,0,0,0,1,1,1,1,1,0,0,0,0,0,3,0,0,0
15564203,3,0,4,3,0,0,0,4,4,4,3,4,4,4,5,0,1,1,1,1,1,1,1,0,1,0,4,0,0,0
15564965,3,0,4,3,0,0,0,2,3,4,3,3,4,5,3,0,1,1,1,1,1,1,1,0,1,0,3,0,0,0
15565608,4,0,5,3,0,0,0,4,3,4,2,4,5,3,4,0,1,1,1,1,1,1,1,0,1,0,3,0,0,1
15572908,3,0,4,3,0,0,0,4,3,3,3,4,5,0,2,0,1,1,1,1,1,1,0,0,1,0,4,0,0,0
15588736,3,0,5,3,0,0,0,4,4,4,3,4,4,2,0,0,1,1,1,1,1,1,1,0,0,0,3,0,0,0
15590106,4,0,5,4,0,0,0,3,4,4,2,3,4,5,4,0,1,1,1,1,1,1,1,0,1,0,4,0,0,3
15595786,4,0,3,3,0,0,0,4,3,4,0,4,4,0,4,0,1,1,1,0,1,1,0,1,1,0,4,0,0,1
15598600,4,0,5,4,0,0,0,4,3,3,4,4,1,3,2,0,1,1,1,1,1,0,1,0,1,0,4,0,0,0
15599753,0,0,0,0,0,0,0,0,0,0,0,0,0,0,0,0,0,0,0,0,0,0,0,0,0,0,0,0,0,0
15602757,3,0,4,4,0,0,0,4,3,4,2,4,3,4,4,0,1,1,1,1,1,1,1,0,1,0,3,0,0,2
15603887,4,0,5,3,0,0,0,4,5,5,4,4,5,4,3,0,1,1,1,1,1,1,1,0,1,0,3,0,0,0
15606951,4,0,4,3,0,0,0,4,3,5,3,4,4,4,4,0,1,1,1,1,1,1,1,0,1,0,3,0,0,0
15621217,3,0,4,3,0,0,0,5,4,4,2,5,5,4,3,0,1,1,1,1,1,1,1,0,1,0,3,0,0,0
15621655,4,0,2,4,0,0,0,4,3,3,3,4,4,4,3,0,1,1,1,1,1,1,1,0,1,0,3,0,0,1
15625219,3,0,3,2,0,0,0,2,0,0,4,3,4,2,4,0,1,0,0,1,1,1,1,0,1,0,3,0,0,0
15627839,4,0,3,4,0,0,0,5,4,5,2,5,5,4,3,0,1,1,1,1,1,1,1,0,1,0,4,0,0,0
15629824,4,0,5,3,0,0,0,4,4,5,3,4,5,5,0,0,1,1,1,1,1,1,1,0,0,0,3,0,0,2
15635208,3,0,4,2,0,0,0,4,3,4,3,5,5,0,0,0,1,1,1,1,1,1,0,0,0,0,3,0,0,2
15635390,4,0,3,2,0,0,0,4,4,4,2,4,4,5,0,0,1,1,1,1,1,1,1,0,0,0,3,0,0,0
15641809,3,0,2,3,0,0,0,5,3,3,4,5,3,2,0,0,1,1,1,1,1,1,1,0,0,0,3,0,0,0
15652541,4,0,5,5,0,0,0,4,4,5,3,4,4,4,0,0,1,1,1,1,1,1,1,0,0,0,4,0,0,0
15653235,3,0,2,1,0,0,0,4,3,4,3,4,4,4,3,0,1,1,1,1,1,1,1,0,1,0,3,0,0,1
15654220,3,0,4,2,0,0,0,4,4,4,3,3,4,3,0,0,1,1,1,1,1,1,1,0,0,0,3,0,0,2
15661525,3,0,5,4,0,0,0,4,3,4,2,4,3,5,5,0,1,1,1,1,1,1,1,0,1,0,3,0,0,0
15676366,4,0,5,4,0,0,0,5,4,4,3,5,4,3,4,0,1,1,1,1,1,1,1,0,1,0,4,0,0,0
15677124,4,0,5,3,0,0,0,4,4,4,3,4,4,5,0,0,1,1,1,1,1,1,1,0,0,0,3,0,0,2
15679302,3,0,2,2,0,0,0,3,2,2,3,3,5,4,4,0,1,1,1,1,1,1,1,1,1,0,3,0,0,0
15679651,4,0,3,3,0,0,0,5,4,4,3,5,4,3,0,0,1,1,1,1,1,1,1,0,0,0,3,0,0,0
15680639,3,0,4,2,0,0,0,2,3,3,3,3,3,4,2,0,1,1,1,1,1,1,1,0,1,0,3,0,0,3
15681663,4,0,5,3,0,0,0,4,4,4,3,4,4,5,0,0,1,1,1,1,1,1,1,0,0,0,4,0,0,4
15682135,4,0,5,4,0,0,0,4,3,4,3,4,5,4,2,0,1,1,1,1,1,1,1,0,1,0,4,0,0,0
15682558,3,0,4,3,0,0,0,4,4,4,3,4,4,4,4,0,1,1,1,1,1,1,1,0,1,0,4,0,0,0
15682633,4,0,4,3,0,0,0,2,3,3,3,2,3,3,0,0,1,1,1,1,1,1,1,0,0,0,3,0,0,2
15684116,4,0,5,4,0,0,0,3,4,4,2,4,5,4,3,0,1,1,1,1,1,1,1,0,1,0,3,0,0,0
15685838,3,0,2,2,0,0,0,4,3,4,3,4,3,2,0,0,1,1,1,1,1,1,1,0,0,0,3,0,0,1
15686907,3,0,4,3,0,0,0,4,3,3,2,4,3,3,2,0,1,1,1,1,1,1,1,0,1,0,3,0,0,0
15686929,4,0,5,3,0,0,0,4,3,3,3,4,5,4,3,0,1,1,1,1,1,1,1,0,1,0,3,0,0,3
15688852,4,0,4,4,0,0,0,4,4,5,3,4,4,4,3,0,1,1,1,1,1,1,1,0,1,0,4,0,0,0
15689595,3,0,2,3,0,0,0,3,4,4,3,3,4,5,4,0,1,1,1,1,1,1,1,0,1,0,3,0,0,0
15689960,4,0,5,2,0,0,0,3,4,5,4,3,5,4,3,0,1,1,1,1,1,1,1,0,1,0,3,0,0,0
15690125,4,0,4,3,0,0,0,4,3,3,3,4,2,3,0,0,1,1,1,1,1,1,1,0,0,0,3,0,0,2
15695554,3,0,5,3,0,0,0,4,4,4,3,4,4,4,2,0,1,1,1,1,1,1,1,0,1,0,3,0,0,3
15695732,4,0,5,3,0,0,0,3,2,2,3,3,4,2,2,0,1,1,1,1,1,1,1,0,1,0,3,0,0,2
15698225,4,0,5,3,0,0,0,4,4,4,3,4,4,3,3,0,1,1,1,1,1,1,1,0,1,0,3,0,0,0
15703003,4,0,3,3,0,0,0,4,3,4,3,5,5,5,3,0,1,1,1,1,1,1,1,0,1,0,3,0,0,3
15705097,3,0,3,4,0,0,0,4,3,3,3,4,4,2,3,0,1,1,1,1,1,1,1,0,1,0,4,0,0,0
15707812,3,0,4,3,0,0,0,3,3,4,3,3,4,4,0,0,1,1,1,1,1,1,1,0,0,0,3,0,0,2
15743316,3,0,4,3,0,0,0,4,4,5,3,4,5,4,0,0,1,1,1,1,1,1,1,0,0,0,3,0,0,0
15758293,3,0,4,3,0,0,0,4,3,4,3,4,0,4,0,0,1,1,1,1,1,0,1,0,0,0,3,0,0,0
14766718,3,0,4,4,0,0,0,4,4,5,3,4,5,4,0,0,1,1,1,1,1,1,1,0,0,0,3,0,0,0
14766781,4,0,2,3,0,0,0,4,4,4,3,5,5,4,2,0,1,1,1,1,1,1,1,0,1,0,3,0,0,1
14772680,3,0,3,2,0,0,0,4,3,4,2,4,4,4,0,0,1,1,1,1,1,1,1,0,0,0,4,0,0,0
14777944,4,0,5,3,0,0,0,4,3,4,2,4,4,5,0,0,1,1,1,1,1,1,1,0,0,0,4,0,0,3
14778276,4,0,5,3,0,0,0,4,3,4,2,5,5,3,0,0,1,1,1,1,1,1,1,0,0,0,4,0,0,3
14779020,4,0,5,5,0,0,0,5,4,4,4,5,5,3,0,0,1,1,1,1,1,1,1,0,0,0,3,0,0,0
14789608,4,0,5,3,0,0,0,5,4,4,0,5,4,4,0,0,1,1,1,0,1,1,1,0,0,0,3,0,0,3
14807193,4,0,5,3,0,0,0,4,4,5,3,4,3,3,0,0,1,1,1,1,1,1,1,0,0,0,3,0,0,0
14814128,4,0,5,4,0,0,0,4,5,5,3,5,5,3,3,0,1,1,1,1,1,1,1,0,1,0,3,0,0,0
14845619,4,0,3,2,0,0,0,4,4,4,3,4,4,5,0,0,1,1,1,1,1,1,1,0,0,0,3,0,0,5
14853519,4,0,5,3,0,0,0,4,3,4,3,5,4,4,0,0,1,1,1,1,1,1,1,0,0,0,3,0,0,0
14855305,3,0,2,3,0,0,0,4,4,4,2,4,3,5,0,0,1,1,1,1,1,1,1,0,0,0,3,0,0,2
14861527,4,0,5,4,0,0,0,3,4,4,3,3,5,3,0,0,1,1,1,1,1,1,1,0,0,0,3,0,0,0
14897767,4,0,2,3,0,0,0,4,3,3,4,4,2,3,3,0,1,1,1,1,1,1,1,0,1,0,3,0,0,1
14923628,3,0,2,4,0,0,0,4,4,4,3,4,4,3,2,0,1,1,1,1,1,1,1,0,1,0,3,0,0,1
14932381,3,0,4,4,0,0,0,5,4,4,3,5,4,0,1,0,1,1,1,1,1,1,0,0,1,0,3,0,0,0
14935717,4,0,3,3,0,0,0,4,3,4,3,4,3,5,4,0,1,1,1,1,1,1,1,0,1,0,3,0,0,0
14953030,4,0,3,3,0,0,0,5,4,4,2,5,4,2,0,0,1,1,1,1,1,1,1,0,0,0,3,0,0,2
14957867,3,0,4,3,0,0,0,4,4,4,3,4,5,5,4,0,1,1,1,1,1,1,1,0,1,0,3,0,0,0
14957880,3,0,4,2,0,0,0,4,2,3,3,4,4,5,2,0,1,1,1,1,1,1,1,0,1,0,3,0,0,0
14963367,3,0,2,2,0,0,0,5,3,4,0,5,4,5,3,0,1,1,1,0,1,1,1,0,1,0,3,0,0,2
14970037,4,0,5,4,0,0,0,3,4,4,2,3,4,5,0,0,1,1,1,1,1,1,1,0,0,0,4,0,0,0
14976865,2,0,4,3,0,0,0,4,4,4,2,4,4,5,0,0,1,1,1,1,1,1,1,0,0,0,3,0,0,3
14988832,4,0,5,3,0,0,0,4,4,5,3,4,4,5,0,0,1,1,1,1,1,1,1,0,0,0,4,0,0,3
14990445,3,0,3,4,0,0,0,4,2,2,1,4,5,0,5,0,1,1,1,1,1,1,0,0,1,0,2,0,0,0
14990485,3,0,4,3,0,0,0,4,4,4,4,4,3,4,0,0,1,1,1,1,1,1,1,0,0,0,3,0,0,0
14990631,4,0,2,3,0,0,0,4,3,5,0,4,4,4,4,0,1,1,1,0,1,1,1,0,1,0,3,0,0,2
15004631,4,0,5,3,0,0,0,4,3,4,2,4,5,5,3,0,1,1,1,1,1,1,1,0,1,0,4,0,0,3
15010686,4,0,5,2,0,0,0,3,3,4,4,3,3,3,3,0,1,1,1,1,1,1,1,0,1,0,2,0,0,0
15011077,4,0,4,5,0,0,0,4,3,4,4,4,4,4,0,0,1,1,1,1,1,1,1,0,0,0,3,0,0,2
15020920,2,0,2,4,0,0,0,4,4,4,3,4,4,0,0,0,1,1,1,1,1,1,0,0,0,0,3,0,0,0
15022861,3,0,2,3,0,0,0,5,4,4,2,5,3,4,0,0,1,1,1,1,1,1,1,0,0,0,3,0,0,0
15028348,2,0,4,2,0,0,0,4,4,4,0,4,3,0,2,0,1,1,1,0,1,1,0,0,1,0,2,0,0,0
15028537,4,0,5,5,0,0,0,4,5,5,3,4,4,4,4,0,1,1,1,1,1,1,1,0,1,0,4,0,0,0
15029042,3,0,2,3,0,0,0,4,3,3,3,4,3,5,4,0,1,1,1,1,1,1,1,0,1,0,3,0,0,2
15034909,0,0,0,0,0,0,0,0,0,0,0,0,0,0,0,0,0,0,0,0,0,0,0,0,0,0,0,0,0,0
15038734,4,0,5,5,0,0,0,4,4,4,3,5,3,3,0,0,1,1,1,1,1,1,1,0,0,0,4,0,0,0
15056146,3,0,4,3,0,0,0,4,3,4,3,4,5,4,0,0,1,1,1,1,1,1,1,0,0,0,3,0,0,0
15060192,3,0,4,3,0,0,0,4,3,4,3,4,4,4,3,0,1,1,1,1,1,1,1,0,1,0,3,0,0,2
15061473,3,0,3,2,0,0,0,4,3,4,4,4,4,4,3,0,1,1,1,1,1,1,1,0,1,0,3,0,0,2
15061972,4,0,5,3,0,0,0,4,4,5,3,5,4,4,0,0,1,1,1,1,1,1,1,0,0,0,3,0,0,3
15064253,3,0,4,3,0,0,0,4,4,4,3,4,3,4,0,0,1,1,1,1,1,1,1,0,0,0,3,0,0,0
15066278,4,0,4,3,0,0,0,4,3,4,3,4,4,4,3,0,1,1,1,1,1,1,1,0,1,0,3,0,0,0
15067023,3,0,3,2,0,0,0,5,2,3,3,5,3,0,3,0,1,1,1,1,1,1,0,0,1,0,2,0,0,0
15070039,3,0,2,2,0,0,0,4,4,4,2,4,0,0,0,0,1,1,1,1,1,0,0,0,0,0,2,0,0,0
15071014,3,0,4,4,0,0,0,4,4,4,2,4,4,3,2,0,1,1,1,1,1,1,1,0,1,0,3,0,0,0
15074636,3,0,5,4,0,0,0,4,3,3,0,4,2,3,0,0,1,1,1,0,1,1,1,0,0,0,4,0,0,1
15091523,3,0,4,2,0,0,0,4,3,4,4,5,4,5,0,0,1,1,1,1,1,1,1,0,0,0,3,0,0,0
15092188,3,0,4,3,0,0,0,4,3,4,3,4,5,4,4,0,1,1,1,1,1,1,1,0,1,0,3,0,0,3
15093610,4,0,5,3,0,0,0,4,4,4,3,4,3,4,3,0,1,1,1,1,1,1,1,0,1,0,3,0,0,0
15094147,3,0,5,4,0,0,0,5,2,3,2,5,4,0,3,0,1,1,1,1,1,1,0,1,1,0,4,0,0,0
15094951,4,0,4,2,0,0,0,2,4,4,1,5,5,4,4,0,1,1,1,1,1,1,1,0,1,0,3,0,0,2
15108576,4,0,4,4,0,0,0,3,3,4,2,4,3,5,3,0,1,1,1,1,1,1,1,0,1,0,3,0,0,0
15118200,3,0,4,3,0,0,0,4,4,4,2,4,4,3,0,0,1,1,1,1,1,1,1,0,0,0,3,0,0,3
15152301,3,0,5,4,0,0,0,4,4,4,0,4,4,3,2,0,1,1,1,0,1,1,1,0,1,0,3,0,0,0
15161673,4,0,3,4,0,0,0,4,3,4,3,4,3,4,4,0,1,1,1,1,1,1,1,0,1,0,4,0,0,0
15169725,4,0,3,5,0,0,0,5,4,4,3,5,4,5,4,0,1,1,1,1,1,1,1,0,1,0,3,0,0,0
15170141,3,0,4,4,0,0,0,5,3,4,0,5,5,0,3,0,1,1,1,0,1,1,0,0,1,0,4,0,0,0
15174303,4,0,5,2,0,0,0,4,4,5,3,4,5,3,4,0,1,1,1,1,1,1,1,0,1,0,3,0,0,0
15176107,4,0,5,4,0,0,0,4,3,3,3,4,4,3,3,0,1,1,1,1,1,1,1,0,1,0,3,0,0,0
15179173,4,0,3,4,0,0,0,4,4,5,3,4,4,5,3,0,1,1,1,1,1,1,1,0,1,0,4,0,0,3
15181407,4,0,5,5,0,0,0,3,3,4,4,4,5,4,5,0,1,1,1,1,1,1,1,0,1,0,3,0,0,2
15182262,4,0,5,4,0,0,0,3,4,4,4,4,5,4,4,0,1,1,1,1,1,1,1,0,1,0,3,0,0,0
15185103,4,0,3,2,0,0,0,3,4,4,2,4,4,5,3,0,1,1,1,1,1,1,1,0,1,0,3,0,0,0
15195217,4,0,4,2,0,0,0,3,2,2,0,3,3,3,0,0,1,1,1,0,1,1,1,0,0,0,3,0,0,2
15195239,4,0,4,3,0,0,0,4,5,5,4,4,5,4,5,0,1,1,1,1,1,1,1,0,1,0,4,0,0,0
15197088,3,0,4,2,0,0,0,4,4,4,3,4,4,3,2,0,1,1,1,1,1,1,1,0,1,0,3,0,0,2
15205093,4,0,2,2,0,0,0,4,4,4,3,4,4,4,3,0,1,1,1,1,1,1,1,0,1,0,3,0,0,0
15206901,4,0,4,3,0,0,0,4,4,4,2,4,4,4,4,0,1,1,1,1,1,1,1,0,1,0,3,0,0,0
15209254,5,0,5,4,0,0,0,5,4,5,4,5,5,3,3,0,1,1,1,1,1,1,1,0,1,0,3,0,0,0
15210814,3,0,2,2,0,0,0,4,3,4,2,5,3,3,0,0,1,1,1,1,1,1,1,0,0,0,2,0,0,0
15215516,4,0,5,4,0,0,0,4,4,5,4,4,5,4,4,0,1,1,1,1,1,1,1,0,1,0,4,0,0,0
15216971,4,0,2,5,0,0,0,5,4,5,3,5,4,4,4,0,1,1,1,1,1,1,1,0,1,0,3,0,0,0
15218324,3,0,3,2,0,0,0,3,4,4,3,3,5,3,4,0,1,1,1,1,1,1,1,0,1,0,3,0,0,0
15218569,3,0,4,2,0,0,0,4,3,4,3,4,4,5,4,0,1,1,1,1,1,1,1,0,1,0,3,0,0,3
15224863,4,0,5,4,0,0,0,4,4,4,3,4,4,4,3,0,1,1,1,1,1,1,1,0,1,0,3,0,0,1
15227292,4,0,4,3,0,0,0,4,4,4,3,4,4,5,0,0,1,1,1,1,1,1,1,0,0,0,3,0,0,3
15227966,4,0,4,3,0,0,0,4,4,4,3,4,4,4,3,0,1,1,1,1,1,1,1,0,1,0,3,0,0,0
15229623,4,0,4,4,0,0,0,3,4,5,2,4,4,4,3,0,1,1,1,1,1,1,1,0,1,0,3,0,0,2
15229802,3,0,4,3,0,0,0,4,4,4,3,4,4,5,0,0,1,1,1,1,1,1,1,0,0,0,3,0,0,0
15230071,3,0,4,4,0,0,0,4,4,4,3,4,4,4,3,0,1,1,1,1,1,1,1,0,1,0,4,0,0,0
15231564,4,0,4,2,0,0,0,4,4,4,3,4,4,5,0,0,1,1,1,1,1,1,1,0,0,0,3,0,0,0
15231635,4,0,5,5,0,0,0,4,4,5,3,4,4,3,4,0,1,1,1,1,1,1,1,0,1,0,4,0,0,2
15244013,3,0,4,2,0,0,0,4,3,4,3,4,4,4,5,0,1,1,1,1,1,1,1,0,1,0,2,0,0,0
15246084,0,0,0,0,0,0,0,0,0,0,0,0,0,0,0,0,0,0,0,0,0,0,0,0,0,0,0,0,0,0
15250491,3,0,4,4,0,0,0,3,4,4,3,3,4,4,0,0,1,1,1,1,1,1,1,0,0,0,4,0,0,0
15250571,0,0,0,0,0,0,0,0,0,0,0,0,0,0,0,0,0,0,0,0,0,0,0,0,0,0,0,0,0,0
15252514,4,0,5,4,0,0,0,4,4,5,0,4,4,5,0,0,1,1,1,0,1,1,1,0,0,0,3,0,0,0
15258834,5,0,3,3,0,0,0,4,4,4,4,5,5,5,4,0,1,1,1,1,1,1,1,0,1,0,4,0,0,2
15262027,3,0,4,2,0,0,0,4,4,4,3,4,3,3,0,0,1,1,1,1,1,1,1,0,0,0,3,0,0,0
15262036,3,0,3,2,0,0,0,4,3,4,2,4,4,3,4,0,1,1,1,1,1,1,1,0,1,0,3,0,0,0
15264845,5,0,4,3,0,0,0,4,4,4,4,5,5,4,3,0,1,1,1,1,1,1,1,0,1,0,3,0,0,3
15266339,4,0,5,4,0,0,0,4,4,4,3,4,4,3,0,0,1,1,1,1,1,1,1,0,0,0,3,0,0,2
15267755,4,0,3,3,0,0,0,4,3,4,2,4,4,4,3,0,1,1,1,1,1,1,1,0,1,0,3,0,0,3
15267968,4,0,4,4,0,0,0,4,4,4,3,4,5,4,3,0,1,1,1,1,1,1,1,0,1,0,3,0,0,0
15268989,4,0,4,3,0,0,0,4,4,5,3,5,4,4,0,0,1,1,1,1,1,1,1,0,0,0,3,0,0,0
15270419,4,0,4,2,0,0,0,3,3,4,3,4,4,4,0,0,1,1,1,1,1,1,1,0,0,0,4,0,0,0
15272309,4,0,5,4,0,0,0,4,4,4,0,4,3,4,0,0,1,1,1,0,1,1,1,0,0,0,3,0,0,0
15275255,4,0,2,3,0,0,0,4,3,4,3,4,5,5,4,0,1,1,1,1,1,1,1,0,1,0,3,0,0,0
15277361,3,0,5,4,0,0,0,3,4,4,3,3,5,5,4,0,1,1,1,1,1,1,1,0,1,0,3,0,0,3
15279823,4,0,3,3,0,0,0,5,4,4,3,5,3,4,2,0,1,1,1,1,1,1,1,0,1,0,3,0,0,3
15280062,4,0,4,5,0,0,0,3,3,3,1,4,4,4,3,0,1,1,1,1,1,1,1,0,1,0,4,0,0,0
15281868,3,0,3,3,0,0,0,4,2,3,0,4,4,2,3,0,1,1,1,0,1,1,1,0,1,0,3,0,0,2
15284793,3,0,4,2,0,0,0,3,4,4,2,3,3,0,2,0,1,1,1,1,1,1,0,0,1,0,3,0,0,0
15288224,3,0,4,4,0,0,0,5,4,5,0,5,5,4,3,0,1,1,1,0,1,1,1,0,1,0,4,0,0,0
15291196,4,0,5,4,0,0,0,4,3,4,3,4,4,2,2,0,1,1,1,1,1,1,1,0,1,0,4,0,0,2
15294631,4,0,3,2,0,0,0,4,3,4,2,4,4,2,2,0,1,1,1,1,1,1,1,0,1,0,4,0,0,0
15295059,4,0,3,4,0,0,0,4,4,4,3,4,5,5,4,0,1,1,1,1,1,1,1,0,1,0,3,0,0,2
15300683,3,0,4,4,0,0,0,5,4,4,2,5,5,5,0,0,1,1,1,1,1,1,1,0,0,0,3,0,0,2
15304611,4,0,5,3,0,0,0,3,4,4,3,4,4,4,2,0,1,1,1,1,1,1,1,0,1,0,3,0,0,1
15309058,4,0,4,3,0,0,0,3,4,5,0,4,4,4,3,0,1,1,1,0,1,1,1,0,1,0,3,0,0,1
15309132,0,0,0,0,0,0,0,0,0,0,0,0,0,0,0,0,0,0,0,0,0,0,0,0,0,0,0,0,0,0
15309433,4,0,4,3,0,0,0,4,3,4,2,4,4,4,2,0,1,1,1,1,1,1,1,0,1,0,4,0,0,2
15323545,4,0,4,4,0,0,0,4,3,4,0,4,4,4,3,0,1,1,1,0,1,1,1,0,1,0,3,0,0,0
15324771,3,0,5,4,0,0,0,4,4,4,2,4,3,3,2,0,1,1,1,1,1,1,1,0,1,0,3,0,0,0
15325015,3,0,2,2,0,0,0,0,4,4,4,4,4,4,0,0,0,1,1,1,1,1,1,0,0,0,3,0,0,0
15326180,4,0,5,3,0,0,0,5,4,5,3,5,4,4,0,0,1,1,1,1,1,1,1,0,0,0,3,0,0,1
15329948,4,0,4,5,0,0,0,5,4,5,5,5,5,4,4,0,1,1,1,1,1,1,1,0,1,0,3,0,0,2
15345866,4,0,5,3,0,0,0,4,3,4,3,4,4,4,0,0,1,1,1,1,1,1,1,0,0,0,3,0,0,3
15346474,3,0,4,2,0,0,0,4,4,4,3,4,4,4,3,0,1,1,1,1,1,1,1,0,1,0,3,0,0,0
15347264,4,0,5,4,0,0,0,4,4,4,2,4,4,4,0,0,1,1,1,1,1,1,1,0,0,0,3,0,0,0
15351024,4,0,4,3,0,0,0,4,5,5,0,4,5,0,0,0,1,1,1,0,1,1,0,0,0,0,3,0,0,0
15361812,3,0,2,4,0,0,0,4,3,4,2,4,4,0,5,0,1,1,1,1,1,1,0,0,1,0,4,0,0,0
15364058,3,0,4,3,0,0,0,5,4,4,3,5,4,2,4,0,1,1,1,1,1,1,1,0,1,0,3,0,0,0
15366530,3,0,4,2,0,0,0,4,3,3,3,4,3,4,4,0,1,1,1,1,1,1,1,0,1,0,3,0,0,3
15367891,4,0,5,5,0,0,0,4,3,4,3,4,4,5,4,0,1,1,1,1,1,1,1,0,1,0,4,0,0,0
15367947,3,0,4,3,0,0,0,4,3,4,3,4,4,2,4,0,1,1,1,1,1,1,1,0,1,0,3,0,0,3
15383126,3,0,4,3,0,0,0,5,4,5,3,5,4,3,2,0,1,1,1,1,1,1,1,0,1,0,3,0,0,0
15387818,3,0,4,3,0,0,0,3,2,3,0,3,3,3,0,0,1,1,1,0,1,1,1,0,0,0,3,0,0,0
15391415,4,0,2,3,0,0,0,4,4,4,3,4,3,3,0,0,1,1,1,1,1,1,1,0,0,0,4,0,0,0
15392853,3,0,3,2,0,0,0,4,4,4,4,4,4,2,4,0,1,1,1,1,1,1,1,0,1,0,4,0,0,0
15393847,3,0,4,2,0,0,0,4,5,5,3,4,5,3,5,0,1,1,1,1,1,1,1,0,1,0,4,0,0,0
15394895,3,0,2,3,0,0,0,4,5,5,3,4,5,4,4,0,1,1,1,1,1,1,1,0,1,0,4,0,0,0
15402272,3,0,4,3,0,0,0,4,4,4,3,4,5,0,3,0,1,1,1,1,1,1,0,0,1,0,4,0,0,0
15402453,3,0,2,2,0,0,0,4,3,4,2,4,4,3,3,0,1,1,1,1,1,1,1,0,1,0,3,0,0,2
15402707,3,0,2,3,0,0,0,4,3,4,3,4,3,3,0,0,1,1,1,1,1,1,1,0,0,0,2,0,0,0
15409713,3,0,4,4,0,0,0,4,3,4,3,4,4,0,3,0,1,1,1,1,1,1,0,0,1,0,4,0,0,0
15410342,3,0,2,2,0,0,0,4,3,4,2,4,4,3,0,0,1,1,1,1,1,1,1,0,0,0,4,0,0,0
15419678,3,0,4,2,0,0,0,5,4,4,2,5,3,3,0,0,1,1,1,1,1,1,1,0,0,0,3,0,0,0
15424896,3,0,5,4,0,0,0,3,3,4,3,3,3,4,3,0,1,1,1,1,1,1,1,0,1,0,4,0,0,0
15424901,3,0,4,2,0,0,0,5,3,4,3,5,4,3,3,0,1,1,1,1,1,1,1,0,1,0,3,0,0,0
15427148,0,0,0,0,0,0,0,0,0,0,0,0,0,0,0,0,0,0,0,0,0,0,0,0,0,0,0,0,0,0
15427908,3,0,4,3,0,0,0,4,4,4,3,4,4,3,0,0,1,1,1,1,1,1,1,0,0,0,3,0,0,2
15428472,5,0,4,4,0,0,0,4,3,4,3,4,3,4,0,0,1,1,1,1,1,1,1,0,0,0,3,0,0,4
15430238,3,0,2,4,0,0,0,3,3,3,2,3,2,3,2,0,1,1,1,1,1,1,1,0,1,0,3,0,0,0
15430442,4,0,5,3,0,0,0,4,4,4,3,4,5,4,2,0,1,1,1,1,1,1,1,0,1,0,3,0,0,2
15432557,4,0,4,3,0,0,0,4,4,4,3,5,4,3,0,0,1,1,1,1,1,1,1,0,0,0,3,0,0,0
15433777,3,0,2,2,0,0,0,4,4,4,2,4,5,5,4,0,1,1,1,1,1,1,1,0,1,0,3,0,0,3
15434482,4,0,5,3,0,0,0,4,4,4,3,4,4,5,0,0,1,1,1,1,1,1,1,0,0,0,3,0,0,0
15436579,3,0,4,3,0,0,0,4,3,3,2,4,3,4,3,0,1,1,1,1,1,1,1,0,1,0,3,0,0,1
15437711,0,0,0,0,0,0,0,0,0,0,0,0,0,0,0,0,0,0,0,0,0,0,0,0,0,0,0,0,0,0
15438296,4,0,5,5,0,0,0,4,4,4,3,4,4,5,3,0,1,1,1,1,1,1,1,0,1,0,4,0,0,0
15440419,4,0,4,2,0,0,0,4,4,4,3,4,4,4,4,0,1,1,1,1,1,1,1,0,1,0,3,0,0,0
15441725,4,0,5,4,0,0,0,0,4,4,0,3,4,5,3,0,0,1,1,0,1,1,1,0,1,0,4,0,0,3
15442736,4,0,4,3,0,0,0,3,4,3,3,4,3,4,4,0,1,1,1,1,1,1,1,0,1,0,3,0,0,0
15445613,4,0,2,4,0,0,0,4,4,4,3,4,4,3,0,0,1,1,1,1,1,1,1,0,0,0,3,0,0,1
15446658,4,0,2,3,0,0,0,4,4,4,2,4,4,5,0,0,1,1,1,1,1,1,1,0,0,0,4,0,0,2
15448055,4,0,5,3,0,0,0,3,3,4,3,4,3,4,0,0,1,1,1,1,1,1,1,0,0,0,3,0,0,0
15448227,3,0,5,4,0,0,0,4,4,5,3,4,5,4,4,0,1,1,1,1,1,1,1,0,1,0,3,0,0,1
15448820,4,0,5,5,0,0,0,5,5,5,4,5,5,5,4,0,1,1,1,1,1,1,1,0,1,0,4,0,0,3
15448901,3,0,3,4,0,0,0,4,4,4,4,4,4,3,3,0,1,1,1,1,1,1,1,0,1,0,3,0,0,0
15448918,3,0,5,3,0,0,0,4,4,4,3,4,5,4,0,0,1,1,1,1,1,1,1,0,0,0,3,0,0,3
15450572,3,0,4,4,0,0,0,5,4,4,3,5,3,4,0,0,1,1,1,1,1,1,1,0,0,0,4,0,0,0
15451876,3,0,2,3,0,0,0,4,4,4,4,4,4,3,0,0,1,1,1,1,1,1,1,0,0,0,3,0,0,0
15452329,4,0,5,3,0,0,0,4,4,4,3,4,3,3,2,0,1,1,1,1,1,1,1,0,1,0,3,0,0,0
15456578,4,0,5,3,0,0,0,5,4,5,5,5,5,4,3,0,1,1,1,1,1,1,1,0,1,0,3,0,0,0
15456673,3,0,2,3,0,0,0,4,3,4,4,4,4,5,3,0,1,1,1,1,1,1,1,0,1,0,3,0,0,2
15460125,0,0,0,0,0,0,0,0,0,0,0,0,0,0,0,0,0,0,0,0,0,0,0,0,0,0,0,0,0,0
15460720,4,0,4,2,0,0,0,4,4,5,3,4,3,3,0,0,1,1,1,1,1,1,1,0,0,0,3,0,0,0
15461696,4,0,3,3,0,0,0,4,2,4,2,4,4,3,3,0,1,1,1,1,1,1,1,0,1,0,4,0,0,0
15462418,4,0,3,3,0,0,0,4,4,4,3,4,5,5,5,0,1,1,1,1,1,1,1,0,1,0,4,0,0,1
15462780,4,0,2,2,0,0,0,4,4,4,3,5,4,5,0,0,1,1,1,1,1,1,1,0,0,0,3,0,0,0
15463153,4,0,5,4,0,0,0,3,4,4,4,3,3,5,0,0,1,1,1,1,1,1,1,0,0,0,3,0,0,2
15463201,4,0,5,4,0,0,0,4,4,5,3,4,5,5,4,0,1,1,1,1,1,1,1,0,1,0,4,0,0,2
15463523,4,0,5,3,0,0,0,4,4,5,3,4,5,5,3,0,1,1,1,1,1,1,1,0,1,0,3,0,0,1
15463765,3,0,4,3,0,0,0,4,4,4,3,4,5,4,0,0,1,1,1,1,1,1,1,0,0,0,3,0,0,0
15468442,4,0,5,4,0,0,0,4,4,4,3,4,4,5,4,0,1,1,1,1,1,1,1,0,1,0,3,0,0,0
15470878,3,0,2,3,0,0,0,4,3,4,2,4,3,3,2,0,1,1,1,1,1,1,1,0,1,0,2,0,0,0
15471669,4,0,5,4,0,0,0,5,4,4,3,5,4,4,0,0,1,1,1,1,1,1,1,0,0,0,3,0,0,3
15471826,3,0,5,3,0,0,0,4,3,4,3,4,3,3,2,0,1,1,1,1,1,1,1,0,1,0,3,0,0,3
15471892,4,0,5,3,0,0,0,4,3,4,0,4,3,2,3,0,1,1,1,0,1,1,1,0,1,0,3,0,0,1
15474835,3,0,4,3,0,0,0,4,3,4,2,4,3,5,4,0,1,1,1,1,1,1,1,0,1,0,3,0,0,3
15476852,0,0,0,0,0,0,0,0,0,0,0,0,0,0,0,0,0,0,0,0,0,0,0,0,0,0,0,0,0,0
15478499,3,0,2,2,0,0,0,4,3,4,4,4,4,3,3,0,1,1,1,1,1,1,1,0,1,0,3,0,0,0
15479351,4,0,4,2,0,0,0,4,4,4,3,4,5,5,0,0,1,1,1,1,1,1,1,0,0,0,3,0,0,0
15479930,4,0,2,3,0,0,0,4,3,4,3,4,5,4,4,0,1,1,1,1,1,1,1,0,1,0,3,0,0,0
15481660,4,0,5,4,0,0,0,4,4,5,3,4,5,5,3,0,1,1,1,1,1,1,1,0,1,0,3,0,0,3
15483452,4,0,5,5,0,0,0,4,4,5,3,4,4,4,0,0,1,1,1,1,1,1,1,0,0,0,3,0,0,0
15483686,4,0,2,4,0,0,0,4,4,4,3,4,3,4,0,0,1,1,1,1,1,1,1,0,0,0,3,0,0,1
15484128,3,0,4,3,0,0,0,3,3,4,2,3,3,4,3,0,1,1,1,1,1,1,1,0,1,0,2,0,0,0
15484693,3,0,4,4,0,0,0,4,4,4,3,4,5,3,3,0,1,1,1,1,1,1,1,0,1,0,3,0,0,0
15488175,4,0,5,4,0,0,0,4,4,4,4,4,5,4,2,0,1,1,1,1,1,1,1,0,1,0,4,0,0,0
15490512,4,0,3,3,0,0,0,5,4,4,3,5,4,4,4,0,1,1,1,1,1,1,1,0,1,0,4,0,0,0
15492843,0,0,0,0,0,0,0,0,0,0,0,0,0,0,0,0,0,0,0,0,0,0,0,0,0,0,0,0,0,0
15493595,0,0,0,0,0,0,0,0,0,0,0,0,0,0,0,0,0,0,0,0,0,0,0,0,0,0,0,0,0,0
15493804,4,0,3,4,0,0,0,5,3,5,2,5,4,2,3,0,1,1,1,1,1,1,1,0,1,0,2,0,0,0
15494148,4,0,4,3,0,0,0,5,4,4,2,5,3,2,2,0,1,1,1,1,1,1,1,0,1,0,3,0,0,0
15494647,3,0,3,2,0,0,0,3,4,4,3,4,4,5,2,0,1,1,1,1,1,1,1,0,1,0,4,0,0,1
15496491,3,0,4,2,0,0,0,4,4,4,3,4,4,4,2,0,1,1,1,1,1,1,1,0,1,0,3,0,0,0
15496509,3,0,2,2,0,0,0,4,3,3,2,4,4,4,3,0,1,1,1,1,1,1,1,0,1,0,3,0,0,0
15499256,3,0,4,3,0,0,0,4,3,4,3,4,4,5,3,0,1,1,1,1,1,1,1,0,1,0,3,0,0,0
15499747,4,0,5,4,0,0,0,4,4,5,3,4,5,5,0,0,1,1,1,1,1,1,1,0,0,0,4,0,0,0
15499891,3,0,5,4,0,0,0,4,5,5,3,5,4,0,0,0,1,1,1,1,1,1,0,0,0,0,3,0,0,0
15500233,3,0,3,3,0,0,0,4,3,3,3,4,3,2,2,0,1,1,1,1,1,1,1,0,1,0,3,0,0,2
15500619,4,0,5,4,0,0,0,4,4,5,3,4,5,5,4,0,1,1,1,1,1,1,1,0,1,0,4,0,0,5
15500700,4,0,4,5,0,0,0,4,3,4,0,4,4,5,3,0,1,1,1,0,1,1,1,0,1,0,3,0,0,0
15505605,3,0,2,4,0,0,0,5,4,4,3,5,3,0,0,0,1,1,1,1,1,1,0,0,0,0,3,0,0,0
15505853,4,0,4,3,0,0,0,4,3,3,2,4,4,3,2,0,1,1,1,1,1,1,1,0,1,0,4,0,0,0
15506314,4,0,5,3,0,0,0,4,4,4,3,4,4,5,0,0,1,1,1,1,1,1,1,0,0,0,3,0,0,2
15506661,3,0,5,4,0,0,0,4,3,3,2,4,4,3,2,0,1,1,1,1,1,1,1,0,1,0,3,0,0,2
15507164,3,0,4,2,0,0,0,4,4,5,2,4,5,4,4,0,1,1,1,1,1,1,1,0,1,0,3,0,0,3
15507208,0,0,0,0,0,0,0,0,0,0,0,0,0,0,0,0,0,0,0,0,0,0,0,0,0,0,0,0,0,0
15507433,4,0,5,4,0,0,0,4,3,4,4,4,5,4,4,0,1,1,1,1,1,1,1,0,1,0,3,0,0,0
15508127,3,0,4,3,0,0,0,4,3,4,3,4,3,3,3,0,1,1,1,1,1,1,1,0,1,0,4,0,0,3
15510835,3,0,4,4,0,0,0,4,4,4,3,4,3,3,3,0,1,1,1,1,1,1,1,0,1,0,3,0,0,0
15513472,0,0,0,0,0,0,0,0,0,0,0,0,0,0,0,0,0,0,0,0,0,0,0,0,0,0,0,0,0,0
15515250,4,0,2,2,0,0,0,4,4,4,3,4,3,3,3,0,1,1,1,1,1,1,1,0,1,0,3,0,0,0
15515854,4,0,5,3,0,0,0,4,4,4,3,4,4,5,2,0,1,1,1,1,1,1,1,0,1,0,3,0,0,2
15515855,4,0,3,4,0,0,0,5,4,4,3,5,5,4,3,0,1,1,1,1,1,1,1,0,1,0,3,0,0,0
15516251,4,0,5,3,0,0,0,4,4,5,3,4,4,4,5,0,1,1,1,1,1,1,1,0,1,0,2,0,0,1
15516570,4,0,5,3,0,0,0,4,3,3,2,4,2,3,0,0,1,1,1,1,1,1,1,0,0,0,3,0,0,2
15516861,4,0,5,3,0,0,0,4,3,4,2,3,4,2,0,0,1,1,1,1,1,1,1,0,0,0,4,0,0,0
15516921,4,0,5,3,0,0,0,4,4,4,3,4,4,5,4,0,1,1,1,1,1,1,1,0,1,0,3,0,0,0
15516953,0,0,0,0,0,0,0,0,0,0,0,0,0,0,0,0,0,0,0,0,0,0,0,0,0,0,0,0,0,0
15517330,4,0,3,3,0,0,0,4,4,4,3,4,5,5,4,0,1,1,1,1,1,1,1,0,1,0,3,0,0,4
15517783,3,0,4,2,0,0,0,4,3,4,3,4,4,2,0,0,1,1,1,1,1,1,1,0,0,0,2,0,0,1
15518115,4,0,3,3,0,0,0,4,3,4,3,5,4,5,0,0,1,1,1,1,1,1,1,0,0,0,3,0,0,2
15518376,4,0,5,4,0,0,0,4,3,4,0,4,4,3,2,0,1,1,1,0,1,1,1,0,1,0,3,0,0,3
15518470,4,0,5,4,0,0,0,4,5,5,3,4,5,5,4,0,1,1,1,1,1,1,1,0,1,0,4,0,0,3
15518717,4,0,3,4,0,0,0,4,4,4,3,4,5,4,3,0,1,1,1,1,1,1,1,0,1,0,4,0,0,0
15519360,3,0,4,3,0,0,0,3,3,4,3,3,5,4,4,0,1,1,1,1,1,1,1,0,1,0,3,0,0,0
15519447,4,0,5,3,0,0,0,4,3,4,3,4,4,4,0,0,1,1,1,1,1,1,1,0,0,0,4,0,0,0
15519448,4,0,4,3,0,0,0,4,4,4,3,4,4,4,0,0,1,1,1,1,1,1,1,0,0,0,3,0,0,2
15519646,3,0,2,4,0,0,0,4,3,4,3,4,3,3,4,0,1,1,1,1,1,1,1,0,1,0,3,0,0,2
15519867,3,0,4,5,0,0,0,4,4,5,3,4,4,3,0,0,1,1,1,1,1,1,1,0,0,0,4,0,0,0
15520325,3,0,4,2,0,0,0,4,3,4,3,5,4,4,0,0,1,1,1,1,1,1,1,0,0,0,3,0,0,0
15520708,4,0,5,3,0,0,0,4,4,4,3,4,5,4,2,0,1,1,1,1,1,1,1,0,1,0,3,0,0,0
15520943,4,0,4,3,0,0,0,3,4,4,4,4,5,4,4,0,1,1,1,1,1,1,1,0,1,0,3,0,0,2
15521066,4,0,4,4,0,0,0,5,4,4,3,5,4,4,0,0,1,1,1,1,1,1,1,0,0,0,3,0,0,1
15521434,4,0,5,3,0,0,0,4,4,5,3,4,5,4,3,0,1,1,1,1,1,1,1,0,1,0,3,0,0,1
15521504,4,0,5,5,0,0,0,4,4,4,3,4,5,5,1,0,1,1,1,1,1,1,1,0,0,0,4,0,0,2
15521608,4,0,4,3,0,0,0,4,4,5,3,4,4,5,0,0,1,1,1,1,1,1,1,0,0,0,3,0,0,0
15522236,3,0,2,3,0,0,0,4,3,4,3,4,5,3,3,0,1,1,1,1,1,1,1,0,1,0,3,0,0,0
15522406,4,0,4,5,0,0,0,3,3,4,2,4,4,5,3,0,1,1,1,1,1,1,1,0,1,0,3,0,0,3
15523315,4,0,5,3,0,0,0,3,3,4,2,3,4,3,3,0,1,1,1,1,1,1,1,0,1,0,3,0,0,1
15523679,4,0,5,4,0,0,0,4,3,3,3,4,4,4,3,0,1,1,1,1,1,1,1,0,1,0,4,0,0,0
15524588,4,0,4,3,0,0,0,3,2,4,0,3,4,4,3,0,1,1,1,0,1,1,1,0,1,0,4,0,0,0
15524984,4,0,2,2,0,0,0,4,4,4,3,4,4,5,4,0,1,1,1,1,1,1,1,0,1,0,3,0,0,2
15525082,4,0,3,3,0,0,0,4,4,4,3,4,5,5,4,0,1,1,1,1,1,1,1,0,1,0,3,0,0,0
15525222,4,0,5,4,0,0,0,4,4,4,4,4,4,5,4,0,1,1,1,1,1,1,1,0,1,0,3,0,0,0
15525663,4,0,5,4,0,0,0,3,4,4,3,3,2,4,3,0,1,1,1,1,1,1,1,0,1,0,2,0,0,0
15526169,4,0,3,2,0,0,0,3,4,4,3,3,4,5,4,0,1,1,1,1,1,1,1,0,1,0,3,0,0,0
15526204,3,0,4,3,0,0,0,4,3,4,4,4,4,3,2,0,1,1,1,1,1,1,1,0,1,0,3,0,0,0
15526953,3,0,2,3,0,0,0,4,4,4,3,4,4,4,2,0,1,1,1,1,1,1,1,0,1,0,4,0,0,1
15527467,3,0,4,3,0,0,0,4,3,4,2,4,4,4,4,0,1,1,1,1,1,1,1,0,1,0,3,0,0,0
15530159,3,0,2,3,0,0,0,4,3,4,2,4,4,3,0,0,1,1,1,1,1,1,1,0,0,0,3,0,0,1
15531230,3,0,4,3,0,0,0,4,3,4,3,4,3,3,0,0,1,1,1,1,1,1,1,0,0,0,4,0,0,3
15533795,4,0,4,3,0,0,0,4,4,4,3,4,5,5,3,0,1,1,1,1,1,1,1,0,1,0,3,0,0,1
15534011,4,0,4,2,0,0,0,4,4,4,3,5,4,4,0,0,1,1,1,1,1,1,1,0,0,0,3,0,0,3
15534832,3,0,5,4,0,0,0,3,3,3,0,4,3,4,0,0,1,1,1,0,1,1,1,0,0,0,3,0,0,3
15539504,3,0,4,3,0,0,0,4,3,4,3,4,4,4,3,0,1,1,1,1,1,1,1,0,1,0,3,0,0,2
15547309,4,0,5,3,0,0,0,3,4,4,3,4,5,4,3,0,1,1,1,1,1,1,1,0,1,0,4,0,0,2
15551899,4,0,2,2,0,0,0,4,3,4,3,4,4,3,0,0,1,1,1,1,1,1,1,0,0,0,3,0,0,2
15552219,4,0,3,4,0,0,0,4,4,5,3,4,4,3,2,0,1,1,1,1,1,1,1,0,1,0,4,0,0,0
15555467,3,0,5,4,0,0,0,4,4,4,3,4,4,4,3,0,1,1,1,1,1,1,1,0,1,0,4,0,0,0
15562165,4,0,5,5,0,0,0,4,3,3,3,4,4,4,3,0,1,1,1,1,1,1,1,0,1,0,4,0,0,0
15569367,3,0,4,5,0,0,0,4,4,5,3,4,5,5,4,0,1,1,1,1,1,1,1,0,1,0,3,0,0,0
15573364,4,0,5,4,0,0,0,5,4,4,3,5,3,3,4,0,1,1,1,1,1,1,1,0,1,0,4,0,0,0
15573644,4,0,2,4,0,0,0,4,0,0,0,4,3,5,0,0,1,0,0,0,1,1,1,0,0,0,2,0,0,0
15575056,4,0,5,4,0,0,0,4,4,5,2,4,5,5,0,0,1,1,1,1,1,1,1,0,0,0,3,0,0,0
15586059,4,0,4,3,0,0,0,0,4,4,0,3,4,5,3,0,0,1,1,0,1,1,1,0,1,0,3,0,0,3
15587326,3,0,5,4,0,0,0,4,4,4,3,4,4,4,0,0,1,1,1,1,1,1,1,0,0,0,4,0,0,0
15588886,4,0,5,3,0,0,0,4,4,5,3,4,5,4,0,0,1,1,1,1,1,1,1,0,0,0,3,0,0,2
15589116,4,0,3,4,0,0,0,2,3,3,3,4,4,5,4,0,1,1,1,1,1,1,1,0,1,0,3,0,0,0
15599000,4,0,5,4,0,0,0,4,4,4,0,5,4,5,4,0,1,1,1,0,1,1,1,0,1,0,3,0,0,3
15602141,4,0,5,3,0,0,0,4,4,5,3,5,4,5,4,0,1,1,1,1,1,1,1,0,1,0,4,0,0,0
15603559,3,0,2,2,0,0,0,4,3,3,0,4,4,2,2,0,1,1,1,0,1,1,1,0,1,0,3,0,0,0
15603866,3,0,3,2,0,0,0,4,3,4,2,4,3,3,0,0,1,1,1,1,1,1,1,0,0,0,3,0,0,0
15604350,4,0,2,4,0,0,0,4,4,5,3,4,4,4,3,0,1,1,1,1,1,1,1,0,1,0,3,0,0,1
15605407,4,0,4,4,0,0,0,4,4,5,3,4,5,3,2,0,1,1,1,1,1,1,1,0,1,0,4,0,0,0
15606009,4,0,5,4,0,0,0,4,4,2,2,4,3,3,4,0,1,1,1,1,1,1,1,0,1,0,3,0,0,0
15621232,4,0,2,3,0,0,0,5,4,4,0,5,4,0,2,0,1,1,1,0,1,1,0,0,1,0,3,0,0,0
15624023,4,0,5,3,0,0,0,4,4,4,3,4,4,3,0,0,1,1,1,1,1,1,1,0,0,0,3,0,0,0
15625080,4,0,5,3,0,0,0,3,4,4,2,3,4,4,3,0,1,1,1,1,1,1,1,0,1,0,4,0,0,0
15626130,4,0,4,4,0,0,0,4,4,5,5,4,5,4,3,0,1,1,1,1,1,1,1,0,1,0,3,0,0,1
15635496,4,0,5,3,0,0,0,4,4,5,3,4,4,5,3,0,1,1,1,1,1,1,1,0,1,0,3,0,0,3
15637538,4,0,5,3,0,0,0,4,3,4,3,4,5,4,4,0,1,1,1,1,1,1,1,0,1,0,3,0,0,2
15637923,4,0,3,3,0,0,0,4,5,5,4,4,4,2,3,0,1,1,1,1,1,1,1,0,1,0,3,0,0,2
15638068,3,0,5,3,0,0,0,4,4,4,3,4,3,4,2,0,1,1,1,1,1,1,1,0,1,0,2,0,0,0
15639990,4,0,4,3,0,0,0,4,4,5,3,4,5,5,4,0,1,1,1,1,1,1,1,0,1,0,4,0,0,1
15644766,4,0,5,3,0,0,0,4,3,4,3,4,4,4,2,0,1,1,1,1,1,1,1,0,1,0,3,0,0,2
15646137,4,0,5,4,0,0,0,4,4,5,2,4,5,3,0,0,1,1,1,1,1,1,1,0,0,0,3,0,0,2
15649534,4,0,4,3,0,0,0,4,4,4,3,4,4,5,2,0,1,1,1,1,1,1,1,0,1,0,4,0,0,2
15650154,4,0,2,2,0,0,0,4,4,4,3,4,5,4,3,0,1,1,1,1,1,1,1,0,1,0,4,0,0,0
15652789,4,0,5,4,0,0,0,4,4,4,4,4,5,5,4,0,1,1,1,1,1,1,1,0,1,0,3,0,0,1
15658418,4,0,5,4,0,0,0,5,4,5,0,5,5,3,4,0,1,1,1,0,1,1,1,0,1,0,3,0,0,0
15659473,3,0,4,2,0,0,0,4,3,4,0,4,5,4,3,0,1,1,1,0,1,1,1,0,1,0,3,0,0,0
15661254,3,0,5,3,0,0,0,4,4,4,2,4,4,4,0,0,1,1,1,1,1,1,1,0,0,0,4,0,0,0
15662274,4,0,5,4,0,0,0,4,3,5,2,4,4,4,0,0,1,1,1,1,1,1,1,0,0,0,3,0,0,0
15670092,3,0,4,2,0,0,0,4,2,3,0,4,4,2,1,0,1,1,1,0,1,1,1,0,1,0,2,0,0,0
15670735,4,0,5,4,0,0,0,4,4,4,3,4,5,5,4,0,1,1,1,1,1,1,1,0,1,0,4,0,0,2
15671656,3,0,4,2,0,0,0,4,4,4,2,4,4,3,0,0,1,1,1,1,1,1,1,0,0,0,3,0,0,0
15672315,4,0,5,4,0,0,0,4,4,4,3,4,3,4,3,0,1,1,1,1,1,1,1,0,1,0,3,0,0,0
15674495,3,0,3,3,0,0,0,4,3,4,3,4,4,4,4,0,1,1,1,1,1,1,1,0,1,0,3,0,0,0
15674873,4,0,3,4,0,0,0,5,3,4,2,5,4,2,0,0,1,1,1,1,1,1,1,0,0,0,4,0,0,0
15674999,4,0,2,2,0,0,0,4,3,4,3,4,5,3,3,0,1,1,1,1,1,1,1,0,1,0,3,0,0,2
15677449,4,0,3,3,0,0,0,4,4,4,3,4,4,3,0,0,1,1,1,1,1,1,1,0,0,0,2,0,0,0
15678077,3,0,4,2,0,0,0,4,4,4,4,4,5,3,0,0,1,1,1,1,1,1,1,0,0,0,3,0,0,0
15679210,3,0,4,3,0,0,0,4,3,3,2,4,3,2,0,0,1,1,1,1,1,1,1,0,0,0,3,0,0,3
15679344,4,0,5,4,0,0,0,4,3,4,0,4,3,4,3,0,1,1,1,0,1,1,1,0,1,0,3,0,0,3
15679666,3,0,4,4,0,0,0,4,3,4,3,4,4,3,3,0,1,1,1,1,1,1,1,0,1,0,3,0,0,0
15680000,4,0,4,3,0,0,0,3,3,4,2,4,4,4,0,0,1,1,1,1,1,1,1,0,0,0,3,0,0,2
15680007,4,0,4,3,0,0,0,4,4,4,4,4,5,5,5,0,1,1,1,1,1,1,1,0,1,0,4,0,0,3
15681090,3,0,2,3,0,0,0,4,3,4,3,4,4,3,3,0,1,1,1,1,1,1,1,0,1,0,3,0,0,1
15681101,4,0,4,2,0,0,0,4,4,4,3,4,4,5,0,0,1,1,1,1,1,1,1,0,0,0,4,0,0,0
15681964,3,0,5,4,0,0,0,4,3,4,3,4,3,2,2,0,1,1,1,1,1,1,1,0,1,0,3,0,0,1
15682374,3,0,4,3,0,0,0,4,4,4,3,4,4,3,4,0,1,1,1,1,1,1,1,0,1,0,3,0,0,0
15683704,4,0,5,2,0,0,0,4,4,4,3,4,5,4,4,0,1,1,1,1,1,1,1,0,1,0,2,0,0,0
15683846,4,0,4,3,0,0,0,4,4,4,1,4,4,4,0,0,1,1,1,1,1,1,1,0,0,0,3,0,0,3
15686195,3,0,5,4,0,0,0,4,4,4,3,4,4,4,0,0,1,1,1,1,1,1,1,0,0,0,3,0,0,2
15687889,3,0,4,3,0,0,0,4,4,4,4,4,4,4,0,0,1,1,1,1,1,1,1,0,0,0,3,0,0,2
15687944,3,0,4,2,0,0,0,4,4,4,3,4,4,3,0,0,1,1,1,1,1,1,1,0,0,0,3,0,0,0
15690619,3,0,4,4,0,0,0,3,4,4,3,4,3,4,0,0,1,1,1,1,1,1,1,0,0,0,3,0,0,2
15692680,4,0,5,4,0,0,0,5,4,4,4,5,5,5,5,0,1,1,1,1,1,1,1,0,1,0,3,0,0,2
15694024,4,0,2,4,0,0,0,4,3,4,0,4,3,4,0,0,1,1,1,0,1,1,1,0,0,0,4,0,0,2
15696915,3,0,4,2,0,0,0,4,4,4,3,4,3,3,2,0,1,1,1,1,1,1,1,0,1,0,3,0,0,2
15699596,3,0,2,3,0,0,0,4,4,4,3,4,4,4,3,0,1,1,1,1,1,1,1,0,1,0,2,0,0,0
15702966,4,0,4,2,0,0,0,4,4,4,3,4,4,4,0,0,1,1,1,1,1,1,1,0,0,0,3,0,0,3
15711409,4,0,5,5,0,0,0,3,3,4,2,3,3,4,4,0,1,1,1,1,1,1,1,0,1,0,3,0,0,0
15712172,3,0,2,4,0,0,0,4,4,4,3,4,4,3,0,0,1,1,1,1,1,1,1,0,0,0,3,0,0,0
15715271,4,0,5,3,0,0,0,3,3,4,4,3,3,3,0,0,1,1,1,1,1,1,1,0,0,0,3,0,0,0
15715833,4,0,5,4,0,0,0,4,4,4,4,4,3,4,0,0,1,1,1,1,1,1,1,0,0,0,3,0,0,1
15717901,2,0,4,4,0,0,0,4,2,3,0,4,0,0,3,0,1,1,1,0,1,0,0,0,1,0,2,0,0,0
15719172,4,0,5,4,0,0,0,4,4,4,3,4,4,3,3,0,1,1,1,1,1,1,1,0,1,0,4,0,0,1
15719710,4,0,5,4,0,0,0,3,4,4,3,3,0,4,0,0,1,1,1,1,1,0,1,0,0,0,3,0,0,0
15720273,4,0,5,3,0,0,0,3,4,4,3,4,4,5,0,0,1,1,1,1,1,1,1,0,0,0,3,0,0,0
15721512,3,0,4,4,0,0,0,3,4,4,3,3,4,4,0,0,1,1,1,1,1,1,1,0,0,0,3,0,0,0
15721755,4,0,5,4,0,0,0,4,3,4,3,4,4,4,3,0,1,1,1,1,1,1,1,0,1,0,3,0,0,0
15723042,4,0,5,3,0,0,0,4,4,5,3,4,4,4,2,0,1,1,1,1,1,1,1,0,1,0,3,0,0,0
15723416,3,0,4,3,0,0,0,3,4,4,2,3,4,4,0,0,1,1,1,1,1,1,1,0,0,0,3,0,0,3
15723766,4,0,2,3,0,0,0,4,3,4,2,4,1,3,2,0,1,1,1,1,1,0,1,0,1,0,3,0,0,0
15724504,4,0,4,4,0,0,0,5,4,5,4,5,5,3,4,0,1,1,1,1,1,1,1,0,1,0,4,0,0,0
15729705,3,0,2,4,0,0,0,4,4,4,3,4,5,4,4,0,1,1,1,1,1,1,1,0,1,0,3,0,0,1
15729815,3,0,2,3,0,0,0,4,4,4,3,4,3,4,2,0,1,1,1,1,1,1,1,0,1,0,3,0,0,0
15731590,4,0,4,5,0,0,0,4,4,5,3,4,4,3,2,0,1,1,1,1,1,1,1,0,1,0,4,0,0,2
15731603,4,0,4,3,0,0,0,4,4,4,3,4,4,4,2,0,1,1,1,1,1,1,1,0,1,0,3,0,0,0
15734815,3,0,2,2,0,0,0,4,4,4,2,4,4,3,0,0,1,1,1,1,1,1,1,0,0,0,3,0,0,0
15734835,3,0,4,4,0,0,0,4,4,4,3,4,5,3,0,0,1,1,1,1,1,1,1,1,0,0,4,0,0,1
15735897,3,0,4,3,0,0,0,4,4,4,3,4,4,4,4,0,1,1,1,1,1,1,1,0,1,0,3,0,0,0
15737498,4,0,5,4,0,0,0,4,5,5,3,4,4,3,3,0,1,1,1,1,1,1,1,0,1,0,3,0,0,1
15737563,3,0,4,5,0,0,0,4,2,2,3,4,0,4,0,0,1,1,1,1,1,0,1,0,0,0,3,0,0,0
15738871,4,0,4,3,0,0,0,4,4,5,3,4,4,3,3,0,1,1,1,1,1,1,1,0,1,0,4,0,0,0
15739300,4,0,5,5,0,0,0,4,3,3,3,4,4,3,4,0,1,1,1,1,1,1,1,0,1,0,4,0,0,3
15739724,3,0,4,3,0,0,0,4,4,4,5,4,5,4,5,0,1,1,1,1,1,1,1,0,1,0,3,0,0,2
15740295,4,0,5,3,0,0,0,4,3,4,3,4,4,3,0,0,1,1,1,1,1,1,1,0,0,0,3,0,0,0
15744685,3,0,2,2,0,0,0,4,3,5,3,4,4,0,3,0,1,1,1,1,1,1,0,0,1,0,3,0,0,0
15745240,3,0,2,3,0,0,0,4,4,4,3,4,3,4,0,0,1,1,1,1,1,1,1,0,0,0,3,0,0,2
15747138,4,0,5,3,0,0,0,4,3,4,3,4,3,4,0,0,1,1,1,1,1,1,1,0,0,0,3,0,0,3
15749455,4,0,5,3,0,0,0,5,4,4,3,5,4,3,0,0,1,1,1,1,1,1,1,0,0,0,3,0,0,0
15750539,4,0,3,3,0,0,0,4,3,3,0,4,4,4,0,0,1,1,1,0,1,1,1,0,0,0,3,0,0,0
15751958,4,0,4,3,0,0,0,3,4,4,2,4,4,4,3,0,1,1,1,1,1,1,1,0,1,0,3,0,0,0
15752263,4,0,4,4,0,0,0,4,3,4,3,4,3,4,0,0,1,1,1,1,1,1,1,0,0,0,3,0,0,0
15752779,4,0,2,3,0,0,0,4,4,4,3,4,3,4,0,0,1,1,1,1,1,1,1,0,0,0,3,0,0,0
15752950,4,0,5,3,0,0,0,4,3,4,3,4,4,5,4,0,1,1,1,1,1,1,1,0,1,0,3,0,0,0
15753808,4,0,4,3,0,0,0,4,3,4,3,4,3,4,3,0,1,1,1,1,1,1,1,0,1,0,3,0,0,3
15754112,3,0,2,3,0,0,0,4,3,4,3,4,5,4,0,0,1,1,1,1,1,1,1,0,0,0,3,0,0,1
15754182,3,0,3,3,0,0,0,4,4,4,2,4,5,4,3,0,1,1,1,1,1,1,1,0,1,0,4,0,0,4
15754359,4,0,3,3,0,0,0,4,4,4,3,4,4,4,3,0,1,1,1,1,1,1,1,0,1,0,3,0,0,3
15754823,3,0,5,4,0,0,0,4,4,5,2,4,4,5,3,0,1,1,1,1,1,1,1,0,1,0,3,0,0,0
15755394,3,0,5,4,0,0,0,4,3,4,2,4,4,0,3,0,1,1,1,1,1,1,0,0,1,0,3,0,0,0
15755721,4,0,3,3,0,0,0,4,4,4,3,4,4,3,0,0,1,1,1,1,1,1,1,0,0,0,3,0,0,0
15756111,4,0,3,2,0,0,0,4,4,4,3,4,5,5,4,0,1,1,1,1,1,1,1,0,1,0,3,0,0,0
15756379,3,0,4,4,0,0,0,4,3,4,4,4,4,5,4,0,1,1,1,1,1,1,1,0,1,0,3,0,0,0
15757089,3,0,2,3,0,0,0,3,4,4,4,3,4,3,0,0,1,1,1,1,1,1,1,0,0,0,4,0,0,0
15757337,4,0,5,3,0,0,0,4,4,4,4,4,4,4,0,0,1,1,1,1,1,1,1,0,0,0,3,0,0,3
15757535,4,0,5,3,0,0,0,4,3,4,2,4,5,3,0,0,1,1,1,1,1,1,1,0,0,0,4,0,0,2
15757664,3,0,4,2,0,0,0,4,3,4,3,4,4,2,2,0,1,1,1,1,1,1,1,0,1,0,3,0,0,0
15758389,4,0,5,5,0,0,0,4,4,5,2,4,5,4,5,0,1,1,1,1,1,1,1,0,1,0,4,0,0,0
15759628,3,0,4,2,0,0,0,4,3,4,3,4,4,2,0,0,1,1,1,1,1,1,1,0,0,0,3,0,0,0
15762101,4,0,4,3,0,0,0,4,4,5,0,4,5,4,3,0,1,1,1,0,1,1,1,0,1,0,3,0,0,2
15762433,4,0,5,5,0,0,0,4,3,4,4,4,5,3,0,0,1,1,1,1,1,1,1,0,0,0,3,0,0,0
15762677,4,0,5,4,0,0,0,4,4,4,0,4,4,3,3,0,1,1,1,0,1,1,1,0,1,0,3,0,0,0
15768547,3,0,4,3,0,0,0,3,3,4,3,4,3,4,3,0,1,1,1,1,1,1,1,0,1,0,3,0,0,4
15768951,4,0,5,3,0,0,0,5,4,5,2,5,4,4,4,0,1,1,1,1,1,1,1,0,1,0,3,0,0,0
15771574,3,0,2,3,0,0,0,3,4,4,3,4,5,4,3,0,1,1,1,1,1,1,1,0,1,0,2,0,0,0
15771602,4,0,5,5,0,0,0,4,4,4,3,4,3,3,0,0,1,1,1,1,1,1,1,0,0,0,4,0,0,1
15773009,4,0,5,3,0,0,0,4,4,4,3,4,5,5,0,0,1,1,1,1,1,1,1,0,0,0,4,0,0,0
15774294,4,0,2,2,0,0,0,4,3,4,3,4,4,5,2,0,1,1,1,1,1,1,1,0,1,0,3,0,0,0
15775325,3,0,2,2,0,0,0,3,4,4,3,3,4,4,3,0,1,1,1,1,1,1,1,0,1,0,3,0,0,0
15775353,3,0,4,4,0,0,0,4,2,3,2,4,4,3,0,0,1,1,1,1,1,1,1,0,0,0,3,0,0,3
15777167,3,0,4,4,0,0,0,4,4,4,3,4,3,4,3,0,1,1,1,1,1,1,1,0,1,0,3,0,0,0
15778051,3,0,5,4,0,0,0,4,3,4,4,4,2,4,3,0,1,1,1,1,1,1,1,0,1,0,3,0,0,0
15780409,4,0,5,3,0,0,0,4,4,5,3,4,5,5,3,0,1,1,1,1,1,1,1,0,1,0,4,0,0,3
15780927,4,0,2,2,0,0,0,4,3,4,2,4,5,5,0,0,1,1,1,1,1,1,1,0,0,0,3,0,0,3
15783956,4,0,5,3,0,0,0,4,3,4,2,4,3,4,0,0,1,1,1,1,1,1,1,0,0,0,3,0,0,0
15786785,0,0,0,0,0,0,0,0,0,0,0,0,0,0,0,0,0,0,0,0,0,0,0,0,0,0,0,0,0,0
15790488,0,0,0,0,0,0,0,0,0,0,0,0,0,0,0,0,0,0,0,0,0,0,0,0,0,0,0,0,0,0
15790885,4,0,4,3,0,0,0,4,4,4,2,4,3,4,0,0,1,1,1,1,1,1,1,0,0,0,3,0,0,2
15792009,0,0,0,0,0,0,0,0,0,0,0,0,0,0,0,0,0,0,0,0,0,0,0,0,0,0,0,0,0,0
15792566,3,0,4,3,0,0,0,4,3,5,3,4,4,3,0,0,1,1,1,1,1,1,1,0,0,0,3,0,0,2
15799117,0,0,0,0,0,0,0,0,0,0,0,0,0,0,0,0,0,0,0,0,0,0,0,0,0,0,0,0,0,0
15800392,3,0,5,3,0,0,0,4,4,4,0,4,4,4,5,0,1,1,1,0,1,1,1,0,1,0,3,0,0,0
15800906,3,0,3,4,0,0,0,4,3,5,4,4,5,5,4,0,1,1,1,1,1,1,1,0,1,0,3,0,0,3
15800907,3,0,2,3,0,0,0,4,3,5,4,4,5,5,5,0,1,1,1,1,1,1,1,0,1,0,3,0,0,3
15804463,4,0,2,3,0,0,0,4,3,4,2,4,3,3,4,0,1,1,1,1,1,1,1,0,1,0,3,0,0,0
15807396,3,0,2,3,0,0,0,4,4,4,4,4,4,3,3,0,1,1,1,1,1,1,1,0,1,0,3,0,0,0
15809554,4,0,5,2,0,0,0,4,4,4,3,4,5,3,0,0,1,1,1,1,1,1,1,0,0,0,4,0,0,3
15810887,3,0,4,4,0,0,0,4,4,4,3,5,4,5,0,0,1,1,1,1,1,1,1,0,0,0,3,0,0,0
15811834,3,0,5,4,0,0,0,4,3,4,3,4,4,4,2,0,1,1,1,1,1,1,1,0,1,0,3,0,0,4
15811998,4,0,5,3,0,0,0,4,5,5,3,4,5,4,4,0,1,1,1,1,1,1,1,0,1,0,4,0,0,0
15812014,3,0,4,2,0,0,0,4,4,4,3,4,3,4,0,0,1,1,1,1,1,1,1,0,0,0,3,0,0,0
15815466,4,0,5,4,0,0,0,4,4,4,3,4,4,4,0,0,1,1,1,1,1,1,1,0,0,0,3,0,0,2
15816186,4,0,3,5,0,0,0,4,3,4,3,4,4,4,0,0,1,1,1,1,1,1,1,0,0,0,3,0,0,0
15817912,3,0,5,4,0,0,0,4,4,4,3,4,4,3,3,0,1,1,1,1,1,1,1,0,1,0,3,0,0,1
15818463,3,0,4,2,0,0,0,4,3,4,3,4,3,4,0,0,1,1,1,1,1,1,1,0,0,0,3,0,0,2
15818555,4,0,4,3,0,0,0,3,4,4,3,4,4,4,3,0,1,1,1,1,1,1,1,0,1,0,4,0,0,2
15820553,4,0,4,3,0,0,0,4,4,4,2,4,4,4,0,0,1,1,1,1,1,1,1,0,0,0,3,0,0,2
15821528,4,0,5,3,0,0,0,3,3,4,0,4,3,4,0,0,1,1,1,0,1,1,1,0,0,0,3,0,0,0
15826215,4,0,5,3,0,0,0,4,4,4,3,3,5,4,3,0,1,1,1,1,1,1,1,0,1,0,3,0,0,0
15832044,4,0,4,2,0,0,0,4,4,4,4,4,4,5,3,0,1,1,1,1,1,1,1,0,1,0,3,0,0,0
15832595,4,0,5,3,0,0,0,4,4,4,3,4,3,3,0,0,1,1,1,1,1,1,1,0,0,0,3,0,0,0
15834803,4,0,5,3,0,0,0,4,4,4,3,4,4,5,0,0,1,1,1,1,1,1,1,0,0,0,3,0,0,2
15837001,4,0,4,4,0,0,0,4,3,4,3,4,3,5,4,0,1,1,1,1,1,1,1,0,1,0,3,0,0,3
15841587,4,0,5,4,0,0,0,4,3,4,0,4,5,5,0,0,1,1,1,0,1,1,1,0,0,0,3,0,0,3
15843466,3,0,2,3,0,0,0,3,3,4,3,3,3,4,4,0,1,1,1,1,1,1,1,0,1,0,3,0,0,0
15843657,4,0,4,3,0,0,0,4,4,4,2,4,4,3,0,0,1,1,1,1,1,1,1,0,0,0,3,0,0,3
15847743,4,0,3,3,0,0,0,3,3,4,4,3,4,5,4,0,1,1,1,1,1,1,1,0,1,0,3,0,0,2
15850875,3,0,5,4,0,0,0,4,3,4,4,5,3,4,0,0,1,1,1,1,1,1,1,0,0,0,3,0,0,0
15851930,4,0,5,3,0,0,0,4,4,4,3,4,3,3,0,0,1,1,1,1,1,1,1,0,0,0,3,0,0,2
15854583,3,0,4,2,0,0,0,4,2,3,3,4,4,3,2,0,1,1,1,1,1,1,1,0,1,0,2,0,0,0
15866725,3,0,4,3,0,0,0,4,4,5,3,4,4,4,3,0,1,1,1,1,1,1,1,0,1,0,3,0,0,0
15866833,4,0,4,2,0,0,0,4,4,5,2,3,5,4,4,0,1,1,1,1,1,1,1,0,1,0,4,0,0,2
15868468,4,0,5,3,0,0,0,4,5,4,0,4,4,0,0,0,1,1,1,0,1,1,0,0,0,0,3,0,0,0
15870829,4,0,5,3,0,0,0,4,4,5,3,4,4,3,0,0,1,1,1,1,1,1,1,0,0,0,3,0,0,0
15873750,3,0,4,2,0,0,0,4,3,4,4,4,3,4,3,0,1,1,1,1,1,1,1,0,1,0,3,0,0,1
15877483,4,0,4,5,0,0,0,4,3,4,3,4,4,2,3,0,1,1,1,1,1,1,1,0,1,0,3,0,0,0
15884664,4,0,5,3,0,0,0,4,4,5,2,4,4,4,2,0,1,1,1,1,1,1,1,0,1,0,3,0,0,0
15908026,3,0,5,4,0,0,0,4,4,4,3,4,5,0,3,0,1,1,1,1,1,1,0,0,1,0,4,0,0,1
15908812,3,0,3,3,0,0,0,4,4,4,3,4,0,0,0,0,1,1,1,1,1,0,0,0,0,0,3,0,0,0
15914896,3,0,4,2,0,0,0,4,4,4,3,4,5,5,0,0,1,1,1,1,1,1,1,0,0,0,3,0,0,0
15918001,4,0,5,4,0,0,0,4,4,4,3,4,5,4,0,0,1,1,1,1,1,1,1,0,0,0,4,0,0,3
15919853,4,0,5,5,0,0,0,3,3,4,2,3,4,5,4,0,1,1,1,1,1,1,1,0,1,0,3,0,0,0
15922438,3,0,3,3,0,0,0,4,3,4,3,4,4,3,0,0,1,1,1,1,1,1,1,0,0,0,3,0,0,0
15929639,4,0,5,4,0,0,0,4,4,5,3,4,5,3,0,0,1,1,1,1,1,1,1,0,0,0,3,0,0,0
15935804,4,0,3,3,0,0,0,4,4,4,2,4,3,3,0,0,1,1,1,1,1,1,1,0,0,0,3,0,0,0
15936237,3,0,4,3,0,0,0,4,3,4,3,4,4,2,0,0,1,1,1,1,1,1,1,0,0,0,3,0,0,0
15939329,4,0,5,3,0,0,0,4,4,5,4,4,4,4,4,0,1,1,1,1,1,1,1,0,1,0,3,0,0,3
15939492,4,0,2,3,0,0,0,3,3,3,2,3,4,3,3,0,1,1,1,1,1,1,1,0,1,0,4,0,0,0
15939683,4,0,4,3,0,0,0,4,4,4,3,4,4,3,0,0,1,1,1,1,1,1,1,0,0,0,3,0,0,1
15940276,0,0,0,0,0,0,0,0,0,0,0,0,0,0,0,0,0,0,0,0,0,0,0,0,0,0,0,0,0,0
15943234,4,0,4,4,0,0,0,5,3,3,4,5,4,3,3,0,1,1,1,1,1,1,1,1,1,0,3,0,0,0
15945004,4,0,3,5,0,0,0,5,4,4,3,5,4,4,0,0,1,1,1,1,1,1,1,0,0,0,4,0,0,0
15946375,4,0,5,4,0,0,0,4,3,4,3,4,4,3,3,0,1,1,1,1,1,1,1,0,1,0,3,0,0,0
15947100,5,0,5,3,0,0,0,4,4,3,3,4,4,3,4,0,1,1,1,1,1,1,1,0,1,0,3,0,0,3
15950470,4,0,4,3,0,0,0,4,4,4,3,4,3,4,3,0,1,1,1,1,1,1,1,0,1,0,3,0,0,0
15951191,4,0,3,3,0,0,0,4,4,4,2,4,4,4,3,0,1,1,1,1,1,1,1,0,1,0,4,0,0,2
15951245,0,0,0,0,0,0,0,0,0,0,0,0,0,0,0,0,0,0,0,0,0,0,0,0,0,0,0,0,0,0
15952232,3,0,4,2,0,0,0,3,3,4,3,3,5,4,4,0,1,1,1,1,1,1,1,0,1,0,3,0,0,0
15952449,3,0,4,2,0,0,0,3,3,4,3,3,4,3,0,0,1,1,1,1,1,1,1,0,0,0,3,0,0,0
15953040,4,0,5,3,0,0,0,4,4,4,2,4,4,3,0,0,1,1,1,1,1,1,1,0,0,0,4,0,0,0
15953268,4,0,5,3,0,0,0,3,3,4,0,3,5,4,0,0,1,1,1,0,1,1,1,0,0,0,3,0,0,0
15953301,4,0,5,4,0,0,0,4,3,4,3,4,5,3,4,0,1,1,1,1,1,1,1,0,1,0,3,0,0,0
15954223,4,0,5,4,0,0,0,4,4,5,3,4,4,5,0,0,1,1,1,1,1,1,1,0,0,0,3,0,0,0
15954373,3,0,4,4,0,0,0,3,4,4,3,3,5,4,2,0,1,1,1,1,1,1,1,0,1,0,2,0,0,0
15955092,4,0,3,3,0,0,0,4,3,4,3,5,4,5,4,0,1,1,1,1,1,1,1,0,1,0,4,0,0,3
15955687,4,0,2,4,0,0,0,3,3,3,4,4,2,4,2,0,1,1,1,1,1,1,1,0,1,0,4,0,0,1
15957284,4,0,3,3,0,0,0,4,4,4,3,4,5,4,3,0,1,1,1,1,1,1,1,0,1,0,2,0,0,0
15957600,3,0,4,2,0,0,0,4,3,4,4,4,3,5,4,0,1,1,1,1,1,1,1,0,1,0,3,0,0,0
15957664,3,0,3,2,0,0,0,4,4,4,3,4,5,3,3,0,1,1,1,1,1,1,1,0,1,0,4,0,0,3
15958526,4,0,3,3,0,0,0,4,4,5,3,4,5,4,2,0,1,1,1,1,1,1,1,0,1,0,3,0,0,0
15958550,3,0,4,2,0,0,0,4,2,2,3,4,3,0,4,0,1,1,1,1,1,1,0,0,1,0,3,0,0,0
15960093,4,0,5,3,0,0,0,4,4,5,3,4,5,4,4,0,1,1,1,1,1,1,1,0,1,0,2,0,0,0
15960183,3,0,4,3,0,0,0,4,4,4,3,4,3,3,3,0,1,1,1,1,1,1,1,0,1,0,3,0,0,0
15960655,4,0,5,4,0,0,0,4,4,4,3,4,4,4,4,0,1,1,1,1,1,1,1,0,1,0,3,0,0,1
15967665,4,0,3,3,0,0,0,4,4,4,3,4,4,4,0,0,1,1,1,1,1,1,1,0,0,0,3,0,0,0
15969643,3,0,4,2,0,0,0,3,4,4,5,3,4,3,3,0,1,1,1,1,1,1,1,0,1,0,2,0,0,3
15973462,0,0,0,0,0,0,0,0,0,0,0,0,0,0,0,0,0,0,0,0,0,0,0,0,0,0,0,0,0,0
15981215,3,0,3,4,0,0,0,4,4,4,3,4,4,4,3,0,1,1,1,1,1,1,1,0,1,0,3,0,0,0
15982853,3,0,4,3,0,0,0,2,3,3,3,3,3,4,0,0,1,1,1,1,1,1,1,0,0,0,2,0,0,2
15990601,4,0,2,2,0,0,0,4,4,4,3,4,5,4,3,0,1,1,1,1,1,1,1,0,1,0,3,0,0,0
15993530,0,0,0,0,0,0,0,0,0,0,0,0,0,0,0,0,0,0,0,0,0,0,0,0,0,0,0,0,0,0
16008187,4,0,4,5,0,0,0,5,0,4,3,5,5,4,4,0,1,0,1,1,1,1,1,0,1,0,4,0,0,0
16024410,3,0,2,4,0,0,0,4,4,5,3,4,4,3,0,0,1,1,1,1,1,1,1,0,0,0,3,0,0,0
16056726,4,0,5,4,0,0,0,4,4,4,4,4,5,2,3,0,1,1,1,1,1,1,1,0,1,0,4,0,0,0
16064641,0,0,0,0,0,0,0,0,0,0,0,0,0,0,0,0,0,0,0,0,0,0,0,0,0,0,0,0,0,0
16068386,3,0,4,4,0,0,0,4,4,5,2,4,5,3,2,0,1,1,1,1,1,1,1,0,1,0,3,0,0,2
16091417,0,0,0,0,0,0,0,0,0,0,0,0,0,0,0,0,0,0,0,0,0,0,0,0,0,0,0,0,0,0
