Amcas_ID,writing_quality,mission_alignment_service_orientation,adversity_resilience,direct_patient_care_depth,volunteering_depth,clinical_experience_depth,leadership_depth_and_progression,research_depth_and_output,personal_attributes_insight,rubric_scored_flag
13149516,4,3,4,4,4,4,5,5,4,1
13573284,5,5,4,4,3,4,4,5,4,1
13758705,4,3,4,5,4,5,4,3,4,1
13843578,5,4,4,4,4,4,2,3,4,1
13872117,4,5,4,4,4,5,3,3,4,1
13879646,4,3,4,4,3,5,4,4,4,1
13897652,3,2,5,4,2,4,4,3,4,1
14055684,4,5,5,4,3,4,4,5,4,1
14096447,5,4,4,4,4,5,5,4,4,1
14120777,4,5,4,4,3,4,4,4,4,1
14324637,5,5,5,4,4,5,5,5,4,1
14377664,5,5,5,4,4,5,4,3,4,1
14468341,5,5,4,4,4,4,4,5,5,1
14474144,4,5,4,4,4,4,4,4,4,1
14497213,5,3,4,5,4,5,5,5,4,1
14503555,4,5,5,4,4,5,5,5,4,1
14526410,5,4,5,4,4,5,4,4,4,1
14530554,3,3,5,4,4,4,3,3,4,1
14535735,4,5,4,4,4,5,4,3,4,1
14557909,4,5,4,4,4,5,5,4,4,1
14581001,4,4,5,5,3,5,3,3,4,1
14656215,4,5,4,4,3,4,4,3,4,1
14660512,4,4,4,4,3,4,3,5,4,1
14713544,4,3,4,4,3,5,5,5,4,1
14719009,4,4,4,5,3,5,4,4,4,1
14726651,5,5,4,5,4,5,5,4,4,1
14734547,4,3,4,4,4,5,4,4,5,1
14758609,4,5,5,4,4,4,5,5,4,1
14764993,4,5,5,4,3,4,3,4,4,1
14765424,4,5,5,4,3,4,5,4,4,1
13099483,4,4,3,4,4,4,3,5,4,1
13568734,4,5,4,4,4,4,4,4,4,1
13653263,4,4,5,5,3,5,4,3,4,1
13750521,4,5,3,4,5,4,4,5,4,1
13864734,4,3,2,5,3,5,4,3,4,1
14010959,4,5,4,3,3,4,4,5,4,1
14032347,4,5,5,5,4,5,5,4,5,1
14034031,5,4,4,4,3,4,3,4,4,1
14036411,4,5,4,4,4,4,5,3,4,1
14040949,4,5,3,4,4,3,4,3,4,1
14058131,3,5,4,4,3,4,3,3,4,1
14059189,5,5,4,4,3,4,5,5,4,1
14131645,5,4,5,4,4,4,3,5,4,1
14160384,5,5,5,5,4,5,4,3,5,1
14228977,5,4,5,4,3,4,4,3,4,1
14242240,4,5,4,4,3,4,4,3,4,1
14257318,4,5,3,4,3,4,4,4,4,1
14277084,4,4,4,4,4,4,4,4,4,0
14295622,5,4,4,4,5,5,5,5,4,1
14331287,5,5,4,4,5,4,4,4,5,1
14342912,4,5,5,4,3,4,4,4,4,1
14399879,4,5,5,4,4,4,3,3,5,1
14416971,4,5,4,4,3,4,3,5,4,1
14423930,5,5,5,4,5,4,4,4,5,1
14443340,3,4,4,4,5,4,3,4,5,1
14465756,5,5,4,5,3,5,4,4,4,1
14467455,4,5,4,4,5,5,5,5,4,1
14469187,4,4,4,5,4,5,4,3,4,1
14472969,4,5,5,4,5,4,4,5,4,1
14475294,4,4,4,4,4,4,3,4,4,1
14499854,4,5,4,4,3,4,4,3,4,1
14502433,4,5,5,4,4,4,5,3,4,1
14521068,4,5,4,4,4,5,2,3,4,1
14523442,4,5,4,4,4,5,5,3,4,1
14540407,4,5,3,4,3,4,5,4,4,1
14540740,4,5,4,4,4,4,4,3,4,1
14547421,5,5,4,4,4,4,4,4,4,1
14557438,4,5,4,5,4,5,4,4,5,1
14562548,4,5,3,4,3,4,3,4,4,1
14563851,5,5,5,4,3,4,3,4,5,1
14570549,4,5,4,4,5,5,4,3,5,1
14578846,3,4,3,4,4,4,4,4,4,1
14585952,4,5,4,4,4,4,4,5,4,1
14587879,4,5,4,4,3,4,5,3,4,1
14599434,4,5,4,4,4,5,5,3,4,1
14650916,5,5,4,4,4,5,5,4,4,1
14650982,4,4,5,5,4,5,4,4,4,1
14653890,4,4,5,4,4,4,5,3,4,1
14661444,4,4,4,4,4,4,4,5,4,1
14666174,5,5,5,4,5,4,5,4,5,1
14670282,4,3,3,5,5,5,4,4,4,1
14709957,4,3,5,4,3,4,3,3,4,1
14718657,4,4,3,5,4,5,4,5,4,1
14720339,4,4,4,4,4,4,4,4,4,0
14721639,4,5,5,4,4,4,5,4,4,1
14729465,4,4,4,4,4,4,4,4,4,0
14732835,4,4,3,4,4,4,4,5,4,1
14735478,5,5,4,5,4,5,5,4,4,1
14736392,5,5,4,4,4,4,5,5,5,1
14737781,4,5,5,4,3,5,3,4,4,1
14757846,4,3,3,4,3,4,2,3,4,1
14760114,3,4,4,4,3,4,4,3,4,1
14763873,4,5,4,5,5,5,5,4,4,1
14766233,4,5,4,4,3,4,5,4,4,1
14766445,4,4,5,4,3,4,4,4,4,1
14768199,4,5,4,4,3,4,4,4,4,1
14771622,4,5,3,4,3,4,5,3,4,1
14771775,5,5,3,4,4,4,4,5,5,1
14775109,3,5,5,5,4,5,4,4,4,1
14777688,4,5,4,5,4,5,4,5,4,1
14788449,5,5,4,4,4,4,4,4,4,1
14790125,4,5,4,4,4,4,4,5,4,1
14790468,4,3,2,4,4,4,4,3,4,1
14793515,3,4,4,4,4,4,4,4,4,1
14793549,4,3,4,4,5,5,3,4,4,1
14795878,5,5,4,4,4,5,5,5,5,1
14809375,4,5,4,5,4,5,5,4,4,1
14816578,4,5,4,4,4,4,5,5,4,1
14818147,4,5,4,4,4,4,4,5,4,1
14821302,5,5,4,4,5,5,4,5,4,1
14826262,4,4,3,4,4,4,4,4,4,1
14829120,4,3,4,5,4,5,5,5,4,1
14837780,4,5,3,4,5,4,3,3,4,1
14840121,4,5,3,4,4,5,4,5,4,1
14840489,5,5,4,5,4,5,5,4,4,1
14841238,4,3,4,4,3,4,4,3,4,1
14845816,4,5,4,4,4,4,5,3,4,1
14847274,4,4,5,4,4,4,5,4,4,1
14855145,5,5,4,4,5,4,4,5,4,1
14860103,4,4,4,4,4,4,4,4,4,0
14865439,4,5,4,4,4,4,5,5,4,1
14865618,4,5,5,5,4,5,4,4,4,1
14865688,5,5,4,4,4,4,5,4,4,1
14866792,4,3,4,5,5,5,5,4,4,1
14868284,4,4,3,4,4,4,5,3,4,1
14869074,4,5,4,5,5,5,5,4,4,1
14878771,5,5,4,4,5,4,5,4,5,1
14879573,4,5,5,4,4,4,5,4,4,1
14880945,4,3,4,5,4,5,3,3,4,1
14883518,5,5,4,4,3,4,3,4,4,1
14888949,5,4,3,4,4,4,5,5,4,1
14898533,4,5,3,4,4,4,4,3,4,1
14921356,4,4,4,4,4,4,4,4,4,0
14921604,3,3,4,4,4,4,3,3,4,1
14926273,5,3,4,4,4,4,3,3,4,1
14926628,5,5,4,4,4,5,4,4,4,1
14931920,5,4,4,5,4,5,4,4,4,1
14937725,3,5,4,4,4,5,4,4,4,1
14938142,4,4,3,4,4,4,2,4,3,1
14940879,4,4,4,4,4,4,4,4,4,1
14942164,4,5,4,5,5,5,4,3,4,1
14944125,4,5,4,4,4,4,5,3,4,1
14944754,4,5,3,4,4,4,4,5,4,1
14944822,4,5,3,4,4,4,4,4,3,1
14945477,5,4,3,4,5,5,5,5,5,1
14946716,4,4,4,4,4,5,5,3,4,1
14946769,5,5,5,4,4,5,4,5,5,1
14946786,4,5,5,4,4,5,4,4,4,1
14949408,4,5,3,4,5,5,5,5,4,1
14949443,4,5,4,4,4,4,4,4,4,1
14953643,4,5,5,4,3,4,3,3,4,1
14955923,5,4,5,5,4,5,5,3,4,1
14957094,4,5,4,4,2,5,5,4,4,1
14957550,4,3,3,4,5,4,5,5,4,1
14959770,4,3,4,4,3,4,4,3,4,1
14961833,4,5,4,4,4,4,5,5,5,1
14964323,4,2,3,4,3,4,3,3,4,1
14965740,5,4,4,4,5,5,4,5,4,1
14967174,5,4,5,4,4,4,5,4,4,1
14970161,3,5,4,4,5,5,5,4,4,1
14978056,4,3,4,5,4,5,3,3,4,1
14979171,4,3,4,4,4,4,4,5,4,1
14979450,5,5,5,4,3,4,4,4,4,1
14981908,4,4,3,4,3,4,3,4,4,1
14982242,4,4,4,4,4,4,4,3,4,1
14982587,5,5,5,5,4,5,5,3,4,1
14983097,5,4,3,4,4,4,3,4,4,1
14984826,4,5,4,5,4,5,5,4,4,1
14988587,4,4,5,4,4,5,5,4,4,1
14988698,4,5,5,4,4,5,4,4,4,1
14988771,5,5,3,4,4,4,5,4,5,1
14990121,4,5,4,5,4,5,5,4,4,1
14990524,4,5,4,5,4,5,4,4,4,1
14990780,4,5,4,4,3,4,3,5,4,1
14994156,4,5,3,4,4,4,4,4,4,1
14996038,4,5,4,4,3,4,4,3,4,1
14996636,4,3,5,4,3,4,4,4,4,1
14996857,4,5,5,5,4,5,4,5,4,1
14997116,5,3,3,4,3,4,3,4,4,1
14999098,4,3,4,4,3,4,3,3,4,1
14999570,4,5,4,5,3,5,5,4,4,1
15000264,5,5,4,5,4,5,5,5,4,1
15000558,4,5,4,4,3,4,3,3,4,1
15002425,4,4,4,4,4,4,4,4,4,0
15002751,5,5,4,4,4,4,4,4,4,1
15002993,4,5,3,4,4,5,4,4,4,1
15003839,5,4,4,4,4,4,3,4,4,1
15004450,4,4,5,5,4,5,5,5,4,1
15006216,5,5,4,5,4,5,5,5,4,1
15008573,4,5,4,4,3,4,2,5,3,1
15009332,4,3,4,4,4,4,4,4,4,1
15009786,5,5,4,4,5,4,5,3,4,1
15010333,4,2,5,4,3,4,3,3,4,1
15011810,5,5,4,4,3,4,4,5,5,1
15012511,4,5,3,4,3,4,4,5,4,1
15014384,4,5,3,4,5,5,4,3,4,1
15014411,5,4,3,4,3,4,3,4,4,1
15017572,5,4,4,4,4,5,3,4,4,1
15020335,4,5,4,4,5,5,4,4,4,1
15021625,4,5,5,4,4,4,4,3,4,1
15022351,5,5,4,4,5,4,3,4,5,1
15022784,4,5,4,4,4,5,4,4,4,1
15025572,5,5,4,4,3,5,4,5,5,1
15026241,4,5,5,4,4,4,4,4,4,1
15030860,4,3,4,4,4,4,4,4,4,1
15032713,4,5,3,4,4,4,4,4,4,1
15033009,4,5,3,4,4,4,4,3,4,1
15033352,5,5,4,4,5,5,5,5,4,1
15034231,5,5,4,4,4,4,4,4,4,1
15035470,3,5,3,4,5,5,4,3,4,1
15037085,4,5,4,4,3,4,4,3,4,1
15037444,4,5,4,4,4,5,4,4,4,1
15039525,5,3,4,4,3,5,3,5,4,1
15039995,4,3,4,4,4,5,5,5,3,1
15041317,4,4,4,4,3,4,5,3,4,1
15042614,4,3,3,4,3,4,5,4,4,1
15050045,4,5,4,4,3,4,5,4,4,1
15050898,4,5,5,4,5,4,4,4,4,1
15052387,4,4,4,5,3,5,2,4,3,1
15053451,4,5,4,4,4,4,3,4,3,1
15057778,4,5,4,4,3,4,4,4,4,1
15062417,4,5,4,4,4,5,4,4,4,1
15063869,5,5,4,4,4,4,4,4,4,1
15064284,4,5,4,4,4,4,3,4,4,1
15064729,5,5,4,4,4,5,5,4,4,1
15078285,4,5,3,4,4,5,5,4,4,1
15080825,5,3,4,4,4,4,4,3,4,1
15103946,5,5,4,4,4,5,5,4,4,1
15105545,5,3,5,4,3,4,3,4,4,1
15107444,4,4,4,4,4,4,5,4,4,1
15107988,4,5,5,4,4,5,4,4,5,1
15109692,4,5,4,4,5,4,5,5,4,1
15116135,5,4,4,4,5,4,3,4,4,1
15120460,4,4,4,4,4,4,4,4,4,0
15120512,4,5,3,4,3,4,5,3,4,1
15121499,4,3,3,5,4,5,4,3,4,1
15123208,4,5,5,4,4,4,4,3,4,1
15133309,4,4,4,4,4,4,4,4,4,1
15148936,4,3,4,4,4,5,4,3,4,1
15150081,4,4,4,4,4,4,4,4,4,0
15150806,4,5,3,4,5,4,4,3,4,1
15152858,5,4,3,4,5,5,5,5,4,1
15152910,5,5,4,4,5,4,5,4,5,1
15157518,4,4,4,4,4,4,4,4,4,0
15160155,4,5,4,4,4,4,4,3,4,1
15163244,5,5,4,4,3,4,4,3,5,1
15163807,3,5,3,4,4,4,4,3,4,1
15163990,5,5,5,5,4,5,4,4,5,1
15164298,4,5,4,4,4,5,5,5,4,1
15166053,4,5,3,4,3,4,4,4,5,1
15167847,4,5,5,4,3,4,5,5,4,1
15167893,5,5,5,4,3,4,4,5,5,1
15167930,5,5,4,5,3,5,5,5,4,1
15167963,4,5,4,4,4,5,5,3,4,1
15169005,4,5,4,4,4,4,5,3,4,1
15169438,4,5,3,5,5,5,5,4,4,1
15169669,4,5,4,4,4,4,4,4,4,1
15170054,4,5,5,4,5,4,5,4,4,1
15171057,4,5,4,4,3,4,5,4,4,1
15171262,4,5,3,4,5,5,5,5,4,1
15172138,4,5,4,4,4,5,5,5,4,1
15172257,4,4,4,4,4,4,4,4,4,0
15172416,5,4,4,4,4,4,5,5,4,1
15172917,5,4,3,4,4,4,5,4,4,1
15173212,4,3,5,4,4,4,3,4,3,1
15174772,5,5,4,4,3,4,4,4,4,1
15176442,4,5,4,4,4,5,5,3,4,1
15178621,4,5,5,5,4,5,5,4,5,1
15181601,4,4,4,4,4,4,4,4,4,0
15181940,4,5,4,4,4,4,3,5,4,1
15182064,4,3,4,4,3,4,4,3,4,1
15182360,4,5,3,4,5,5,4,4,4,1
15184236,4,2,4,4,4,4,2,5,4,1
15187094,5,5,4,4,4,5,5,5,5,1
15191931,4,4,4,4,4,4,4,4,4,1
15192408,4,3,4,4,5,5,4,4,4,1
15193010,5,4,5,4,4,4,5,3,4,1
15195055,5,5,4,4,5,4,5,4,5,1
15198902,4,5,4,4,4,4,4,5,4,1
15199621,4,4,3,4,4,5,5,5,4,1
15200458,4,5,3,4,4,4,4,4,4,1
15201366,4,5,3,4,4,4,4,4,3,1
15201608,4,3,4,4,4,4,4,4,4,1
15204861,4,3,4,4,4,4,4,5,4,1
15205630,4,5,4,4,4,4,5,4,4,1
15211155,4,5,4,4,4,5,4,3,4,1
15213047,4,5,3,4,4,4,4,4,4,1
15214266,4,4,4,4,4,4,4,4,4,0
15215241,4,5,3,4,4,5,4,3,4,1
15215303,4,4,4,4,5,5,5,4,4,1
15215429,4,4,4,5,3,5,4,4,4,1
15216419,5,5,4,4,5,4,5,4,4,1
15217343,5,4,4,4,4,4,5,4,5,1
15218207,4,5,5,4,3,4,5,3,4,1
15219934,4,5,3,4,4,4,4,3,4,1
15223413,4,5,5,4,4,4,5,4,5,1
15223898,4,5,5,4,5,5,4,5,4,1
15224309,3,4,5,4,5,4,5,4,4,1
15224985,4,5,4,5,3,5,4,3,4,1
15226159,5,4,4,4,5,5,4,4,5,1
15226768,4,5,4,4,5,5,5,4,5,1
15227034,5,5,4,4,4,4,5,5,5,1
15227044,5,5,5,4,4,4,4,3,4,1
15227049,4,5,5,4,4,5,4,4,4,1
15227150,4,5,4,4,3,4,3,5,4,1
15229072,5,5,4,4,3,4,4,5,5,1
15229576,4,5,3,5,4,5,4,4,4,1
15231727,4,5,4,4,4,4,3,3,4,1
15231997,5,5,5,4,4,5,5,5,5,1
15233297,4,4,3,4,3,4,3,4,4,1
15234730,4,5,4,4,4,4,5,5,4,1
15236267,4,3,4,4,4,4,4,4,4,1
15239496,4,4,5,4,4,4,3,3,3,1
15243303,4,5,4,4,4,4,4,4,4,1
15243862,4,3,4,4,4,4,5,5,4,1
15244526,4,5,4,4,4,5,4,5,4,1
15247942,4,4,4,4,4,4,5,3,4,1
15248689,4,5,4,4,4,4,5,4,4,1
15248729,4,3,3,4,4,4,4,4,4,1
15250711,4,2,4,4,4,4,4,3,3,1
15250789,4,5,4,5,5,5,5,4,4,1
15251758,4,2,3,4,3,4,4,4,4,1
15252395,4,5,5,4,4,4,5,3,4,1
15253234,4,5,4,4,4,4,4,3,4,1
15257435,4,3,3,4,4,4,5,3,3,1
15258428,4,3,2,4,4,4,4,4,4,1
15259004,5,5,3,4,5,4,4,5,4,1
15259341,5,4,5,4,4,4,5,3,4,1
15260192,4,4,4,4,4,4,4,4,4,0
15261616,4,4,3,4,5,5,5,4,4,1
15264978,4,3,3,4,4,4,3,4,4,1
15266196,4,5,5,4,4,4,5,4,4,1
15266310,4,4,4,4,4,4,4,4,4,0
15267332,5,5,4,4,4,4,5,4,4,1
15268460,4,4,4,4,3,4,4,3,4,1
15269959,4,5,3,4,5,4,5,5,4,1
15270586,5,5,4,4,4,5,4,5,4,1
15270717,5,5,4,4,4,4,5,4,5,1
15272306,4,5,5,5,4,5,4,4,4,1
15272346,4,4,4,4,4,4,4,4,4,0
15273395,5,5,4,4,4,4,4,4,5,1
15274255,4,5,5,4,4,4,4,4,4,1
15274516,5,4,5,4,4,5,5,3,4,1
15275597,4,5,4,4,5,5,4,4,4,1
15276518,4,4,3,5,4,5,5,5,4,1
15277473,4,3,3,4,4,5,5,5,4,1
15279047,5,5,5,4,5,5,3,5,5,1
15279965,4,4,5,4,4,4,5,4,4,1
15280373,4,5,4,4,5,4,4,4,4,1
15281761,5,5,4,4,4,4,5,4,4,1
15281766,5,5,4,4,4,4,5,5,5,1
15282189,4,4,5,4,4,4,5,4,4,1
15282916,4,5,4,4,4,4,3,4,3,1
15291820,4,3,4,4,5,4,5,3,4,1
15292036,4,5,3,4,3,4,5,4,4,1
15292734,4,3,4,4,4,5,4,3,4,1
15305293,4,5,4,4,3,5,4,4,5,1
15307929,4,4,4,4,4,4,3,3,4,1
15308079,4,2,3,4,4,4,3,4,3,1
15309386,5,3,4,4,4,4,3,3,4,1
15312751,5,5,5,4,4,4,5,4,4,1
15321139,5,5,4,4,4,4,4,5,5,1
15323498,5,4,4,4,5,4,4,5,4,1
15326525,5,3,4,4,4,4,3,4,4,1
15327260,4,5,3,4,4,4,4,3,4,1
15334336,4,5,4,4,4,4,4,4,4,1
15335543,5,5,5,4,5,4,5,4,4,1
15338922,5,5,4,4,4,4,5,5,5,1
15352502,4,5,5,4,3,4,3,3,4,1
15356666,5,4,4,4,4,5,4,5,4,1
15366314,4,4,5,4,5,5,3,4,4,1
15366937,4,5,4,4,4,5,3,4,4,1
15369591,5,5,4,5,4,5,4,4,4,1
15369609,4,5,5,4,4,4,4,4,4,1
15390496,4,4,4,4,4,4,4,4,4,0
15397395,4,4,5,5,4,5,4,3,4,1
15401433,4,5,3,4,4,4,4,4,4,1
15403104,4,5,3,4,4,4,3,3,4,1
15419409,5,4,3,4,3,4,4,4,4,1
15420535,5,5,4,4,4,5,3,3,4,1
15425992,4,5,4,5,4,5,4,3,4,1
15430614,4,5,4,4,4,4,4,4,3,1
15431885,4,4,5,4,4,4,2,2,4,1
15432122,5,5,4,4,4,4,4,4,4,1
15433365,4,5,4,4,5,5,5,5,4,1
15433753,5,5,4,5,4,5,5,4,4,1
15435508,5,5,4,4,3,4,4,4,4,1
15437306,4,5,4,4,5,4,5,3,4,1
15437601,4,5,4,4,4,4,4,5,4,1
15438016,5,5,4,4,5,4,5,5,5,1
15439038,4,4,4,4,4,4,4,4,4,0
15443204,5,4,4,5,3,5,5,4,4,1
15444610,4,5,3,4,4,4,4,3,4,1
15446052,5,5,5,5,5,5,4,5,4,1
15447358,4,3,5,4,4,4,4,3,4,1
15449035,4,3,3,4,4,4,4,2,4,1
15450284,5,4,5,5,4,5,5,3,4,1
15451304,3,4,5,4,3,4,3,4,4,1
15459247,3,5,4,5,2,5,4,3,4,1
15459473,4,4,3,4,3,4,4,3,4,1
15459879,4,4,4,4,4,4,4,4,4,1
15460273,3,4,5,4,3,4,4,4,4,1
15465607,4,4,3,5,4,5,5,4,4,1
15467809,4,5,4,4,4,4,3,3,3,1
15470557,4,5,4,5,4,5,4,3,4,1
15472430,4,5,3,4,5,5,4,4,4,1
15480530,4,5,3,4,4,4,5,3,4,1
15480880,4,3,4,5,4,5,4,4,4,1
15487075,5,5,4,4,4,4,4,5,5,1
15487429,5,4,3,4,3,4,3,3,4,1
15487846,5,5,4,5,4,5,4,4,4,1
15499135,4,4,5,5,4,5,5,4,3,1
13278986,5,5,4,4,4,4,4,5,4,1
13767033,4,5,4,4,3,5,4,5,4,1
13769330,4,5,5,4,3,5,3,4,4,1
13789111,5,5,4,4,4,4,5,4,4,1
13804254,4,4,4,4,4,4,4,4,4,0
13983876,5,5,5,4,4,5,4,4,4,1
13989261,4,5,4,4,4,4,4,3,4,1
14040509,4,4,4,4,4,4,4,4,4,0
14052346,5,5,5,4,4,4,5,5,4,1
14091825,5,5,5,4,3,4,3,4,4,1
14212425,3,4,5,4,4,4,3,3,4,1
14248347,4,4,3,4,4,5,2,4,4,1
14270617,4,4,4,4,4,4,4,4,4,0
14314476,4,5,3,4,4,4,5,4,4,1
14321430,5,4,5,4,3,4,3,3,4,1
14330198,4,5,4,4,4,5,5,3,4,1
14339254,4,5,5,4,3,4,4,4,4,1
14393269,5,4,5,5,4,5,2,3,4,1
14439211,5,3,4,4,3,5,5,4,4,1
14463063,3,5,4,4,3,4,4,5,3,1
14498260,4,3,5,4,2,4,4,3,4,1
14501781,4,5,5,4,4,4,5,4,5,1
14524693,4,4,4,4,4,5,5,5,4,1
14540408,5,5,4,4,3,4,4,3,4,1
14555162,4,5,5,4,4,4,5,4,5,1
14555420,4,4,4,4,4,4,4,4,4,0
14569681,3,4,4,4,4,5,5,4,3,1
14573674,4,4,3,4,3,4,3,3,4,1
14592081,5,3,2,5,4,5,4,4,4,1
14681232,4,5,4,4,3,4,4,3,4,1
14685127,4,3,4,4,3,4,4,3,4,1
14690046,5,5,5,4,5,5,4,3,4,1
14694878,4,4,4,4,4,4,4,4,4,0
14707982,4,4,4,4,3,4,4,4,4,1
14725665,4,4,5,4,3,4,4,5,4,1
14726108,4,5,5,4,4,5,5,4,4,1
14729456,4,4,4,4,4,4,4,4,4,0
14733643,4,5,4,4,3,5,4,4,4,1
14757909,4,4,4,4,4,4,4,4,4,0
14759045,4,5,4,4,3,4,4,4,4,1
14761973,4,4,4,4,4,4,4,4,4,0
14763035,4,5,5,4,4,4,4,5,4,1
14764815,5,5,5,4,3,4,5,5,5,1
14771181,5,3,4,5,4,5,5,5,4,1
14777143,4,5,5,4,4,4,4,4,4,1
14788568,4,5,3,4,4,4,4,4,4,1
14796063,5,4,3,4,4,4,5,5,4,1
14798648,4,3,4,4,3,4,4,4,4,1
14801235,4,5,4,4,4,4,3,3,4,1
14815827,5,4,4,4,4,5,4,3,4,1
14822860,4,3,4,5,3,5,4,4,4,1
14824060,4,3,2,4,4,5,4,5,4,1
14826607,4,4,4,4,4,4,3,3,4,1
14846699,4,4,5,4,4,4,3,5,4,1
14851984,4,5,4,4,4,4,3,3,4,1
14859084,4,4,4,4,4,4,4,4,4,0
14887989,5,5,5,4,4,4,3,4,4,1
14889174,4,5,4,4,4,4,4,5,4,1
14905739,4,5,4,4,4,5,4,4,4,1
14918343,4,5,5,5,4,5,4,3,4,1
14921412,5,5,4,4,3,4,4,4,4,1
14929697,4,5,5,4,4,5,5,5,4,1
14933716,5,5,4,4,3,4,5,5,4,1
14938390,4,5,4,4,5,4,3,4,4,1
14942584,5,5,4,5,4,5,4,4,4,1
14943524,5,4,5,4,4,4,5,4,4,1
14945517,5,5,4,4,4,5,5,4,4,1
14948106,4,4,5,4,3,4,5,4,4,1
14956718,4,5,4,4,4,4,4,4,4,1
14961288,5,5,4,4,4,4,4,5,4,1
14963665,4,5,4,4,3,4,4,4,3,1
14965721,4,5,5,4,4,4,5,4,4,1
14976431,5,3,4,4,4,5,5,5,4,1
14980674,4,5,4,4,3,4,2,3,3,1
14984065,4,3,4,4,4,5,4,5,4,1
14984342,5,4,3,4,4,5,4,5,4,1
14986405,4,3,4,4,3,4,5,4,4,1
14989277,4,5,3,4,3,4,5,4,4,1
14989598,4,4,5,4,4,4,3,3,4,1
14992613,4,2,3,4,4,4,4,3,4,1
14992862,4,3,4,4,3,5,4,5,4,1
14993435,4,4,4,4,4,4,4,4,4,0
14994040,4,4,2,4,4,5,5,5,3,1
14995931,5,5,4,5,4,5,4,3,4,1
14998125,4,5,3,4,3,4,4,4,4,1
14998139,5,5,4,4,3,4,5,4,5,1
14999611,5,5,4,4,4,4,5,4,4,1
14999693,4,3,5,4,3,4,4,4,3,1
15002653,4,5,4,4,4,5,5,5,4,1
15005981,4,5,4,4,3,4,3,5,4,1
15006851,4,4,4,4,3,4,4,5,4,1
15008367,4,4,4,4,5,4,3,3,4,1
15013472,5,5,4,4,4,5,3,5,4,1
15014326,4,5,5,4,4,4,5,4,4,1
15017400,5,5,4,5,4,5,5,5,4,1
15025077,4,5,4,4,4,4,3,4,4,1
15033096,4,3,3,5,3,5,3,3,3,1
15033897,5,5,4,4,4,5,4,4,4,1
15034676,3,4,3,4,2,4,5,3,3,1
15037473,4,4,5,4,4,4,4,3,4,1
15039509,3,4,3,4,4,4,3,3,4,1
15042051,4,3,4,5,4,5,4,3,4,1
15042732,5,4,4,4,4,4,3,4,4,1
15043316,4,5,4,4,3,4,4,4,4,1
15044124,4,4,3,4,3,4,4,3,4,1
15045231,4,5,5,4,4,4,4,2,4,1
15050355,4,5,4,4,3,4,5,3,4,1
15053577,5,5,3,4,4,4,3,3,4,1
15064744,4,5,3,4,5,4,5,4,4,1
15067447,4,4,4,4,4,4,4,4,4,0
15067615,4,4,4,5,3,5,2,3,3,1
15089855,4,4,4,4,4,4,4,4,4,0
15091116,3,3,4,4,3,4,4,3,3,1
15101992,4,4,4,4,4,4,4,3,4,1
15111130,4,5,5,4,3,5,4,4,2,1
15127909,4,5,3,4,3,4,5,3,4,1
15132755,4,5,4,5,1,5,3,5,4,1
15151698,4,2,5,4,3,4,3,3,4,1
15153696,5,5,4,5,4,5,4,3,4,1
15158582,5,5,3,4,5,4,4,4,4,1
15163350,3,2,2,5,5,5,4,2,4,1
15164593,3,2,4,4,4,4,4,5,4,1
15164972,3,3,2,3,3,4,3,4,4,1
15165987,4,5,4,4,4,4,3,5,4,1
15167092,4,5,3,4,3,4,4,4,4,1
15170812,3,3,4,4,4,4,4,3,4,1
15174444,3,2,3,4,2,4,4,3,4,1
15176458,3,3,4,4,3,4,4,4,4,1
15178793,4,3,2,4,3,4,4,5,4,1
15183204,3,4,3,4,3,4,3,3,4,1
15183698,3,3,3,4,3,4,4,3,4,1
15185152,3,2,2,4,3,4,3,2,4,1
15186369,4,5,3,5,3,5,4,3,4,1
15193909,3,5,2,3,4,3,4,5,4,1
15194278,4,5,4,3,3,4,4,4,4,1
15194633,4,5,4,4,4,4,5,4,4,1
15194749,4,5,3,4,4,5,5,5,4,1
15195010,3,2,4,4,4,4,3,4,4,1
15195550,4,2,2,4,2,4,3,5,4,1
15195551,4,5,3,4,3,4,4,3,4,1
15195769,3,2,3,4,4,4,4,4,4,1
15197850,3,2,4,4,3,4,4,3,4,1
15198002,3,4,3,5,4,5,5,2,4,1
15200437,3,4,2,4,3,4,4,4,4,1
15202605,3,2,3,4,3,4,2,1,4,1
15206655,3,2,3,4,3,4,2,3,4,1
15206747,4,5,3,4,4,4,5,4,4,1
15207042,3,3,2,4,4,4,4,4,4,1
15207463,4,5,3,4,3,4,4,4,4,1
15209204,4,5,4,3,3,3,3,3,4,1
15209475,4,4,4,4,4,4,4,4,4,0
15209710,4,4,4,4,4,4,4,4,4,0
15210127,4,3,4,5,2,5,4,4,4,1
15210489,4,4,3,3,4,3,4,5,4,1
15210775,3,4,2,4,4,4,4,4,4,1
15212696,3,4,3,4,4,4,3,3,4,1
15212852,4,2,4,5,4,5,5,3,4,1
15214695,4,5,3,4,4,4,5,4,4,1
15217727,4,4,3,4,4,4,5,4,4,1
15218145,4,4,4,4,4,4,4,4,4,0
15218889,4,5,3,3,3,4,5,4,4,1
15219564,4,3,3,5,4,5,5,4,4,1
15223489,4,2,2,5,3,5,4,4,4,1
15223902,4,4,4,4,4,4,4,4,4,0
15224187,4,4,3,3,4,3,3,4,4,1
15226798,4,3,4,4,3,4,4,3,4,1
15228591,3,4,3,4,3,4,5,4,4,1
15228783,4,3,5,4,3,4,3,4,4,1
15229796,4,5,3,3,3,3,3,3,4,1
15230311,4,5,4,5,3,5,4,5,4,1
15233099,4,5,4,4,4,4,4,4,4,1
15234130,4,3,4,4,3,5,4,4,4,1
15235593,4,5,4,4,4,4,4,5,4,1
15236199,4,2,4,4,3,4,5,4,4,1
15236540,3,4,2,4,4,4,4,4,4,1
15237049,4,5,3,5,4,5,4,4,4,1
15238489,3,2,3,4,3,4,4,1,4,1
15239954,3,4,3,5,3,5,4,3,4,1
15240101,4,5,4,4,3,4,4,4,4,1
15240237,4,5,3,4,3,4,4,4,4,1
15240800,3,4,3,4,3,4,3,4,4,1
15243078,4,3,3,4,4,4,5,4,4,1
15247492,4,5,4,4,4,4,4,3,4,1
15248881,4,4,3,4,3,4,4,5,4,1
15250076,3,4,3,4,4,4,5,4,4,1
15252816,3,4,2,4,4,4,4,3,4,1
15254708,3,2,2,3,4,3,3,3,4,1
15257295,4,4,4,4,4,4,4,4,4,0
15258548,3,4,3,4,4,4,5,4,4,1
15258926,3,4,2,2,4,3,4,5,4,1
15259474,4,5,4,4,4,4,5,4,4,1
15263455,4,3,3,4,3,4,4,2,4,1
15263826,4,5,4,3,4,3,4,2,4,1
15264571,4,3,3,4,3,4,4,4,4,1
15264836,4,5,5,5,4,5,5,4,4,1
15267965,3,4,4,4,3,4,5,4,4,1
15268346,4,5,2,4,4,4,5,4,4,1
15270157,4,2,4,5,4,5,1,3,4,1
15271905,3,3,2,5,4,5,5,5,4,1
15271980,4,4,4,4,4,4,4,4,4,0
15273506,3,2,3,3,3,4,4,5,4,1
15273523,4,4,3,4,3,5,4,5,4,1
15274054,3,4,2,4,4,4,4,3,4,1
15275122,4,3,3,4,3,4,4,4,4,1
15278670,4,3,3,4,3,4,4,3,4,1
15279170,3,2,2,5,3,5,4,5,4,1
15279738,4,4,3,5,4,5,4,5,4,1
15279978,4,3,5,3,2,3,3,4,4,1
15280119,4,3,4,4,4,4,5,5,4,1
15284397,3,2,4,5,4,5,5,4,4,1
15285106,4,5,4,4,3,4,4,3,4,1
15286088,4,4,3,4,4,4,4,5,4,1
15286490,3,4,3,4,3,4,3,5,4,1
15288814,3,3,2,4,3,4,3,3,4,1
15291501,4,5,3,3,5,4,5,5,4,1
15295436,3,4,3,4,4,4,4,3,4,1
15297831,4,4,3,5,4,5,4,4,4,1
15299512,4,5,3,5,4,5,4,3,4,1
15301743,3,4,2,4,4,4,4,5,4,1
15305344,4,3,4,4,4,4,3,3,4,1
15305883,3,4,2,4,4,4,4,4,4,1
15307295,4,5,3,4,4,4,3,4,4,1
15322568,4,5,4,3,3,4,4,3,4,1
15325850,4,5,4,4,3,4,5,2,4,1
15326614,4,4,4,4,4,4,4,4,4,0
15334534,4,5,4,4,3,4,5,5,4,1
15335959,3,2,3,4,3,4,4,5,4,1
15341407,4,5,4,4,3,4,4,4,4,1
15342997,4,2,4,4,2,4,3,3,4,1
15345167,4,5,3,4,4,4,5,4,4,1
15346762,4,3,2,4,4,4,4,3,4,1
15349443,4,5,3,4,3,4,4,4,4,1
15350202,3,5,4,4,4,4,4,3,4,1
15351540,4,5,3,3,4,3,3,4,4,1
15352861,4,3,4,4,3,4,5,3,4,1
15357052,4,2,3,4,4,4,3,3,4,1
15368561,3,2,4,4,3,4,4,5,4,1
15382033,3,4,3,4,4,4,2,3,4,1
15383604,3,4,2,4,3,4,3,4,4,1
15384142,3,5,4,4,4,5,5,5,4,1
15386794,3,4,2,4,3,4,4,5,4,1
15391517,3,4,2,4,3,4,5,3,4,1
15401442,4,4,3,3,3,4,4,5,4,1
15402989,4,5,4,4,4,4,5,3,4,1
15405843,3,4,2,4,2,4,4,3,4,1
15407606,3,4,3,4,4,4,5,3,4,1
15422776,3,3,4,4,3,4,4,3,4,1
15423313,3,2,3,4,3,4,4,3,4,1
15426959,4,5,4,4,3,4,4,4,4,1
15427466,4,5,5,4,4,4,5,4,4,1
15429502,4,5,4,5,4,5,5,4,4,1
15430173,3,4,3,4,4,4,5,4,4,1
15430184,3,2,2,3,3,4,4,3,4,1
15430288,4,4,4,5,3,5,4,4,4,1
15433553,4,5,3,5,4,5,5,5,4,1
15434491,3,4,3,4,4,4,4,4,4,1
15435487,4,3,4,4,3,4,4,3,4,1
15436182,4,3,3,3,4,3,4,4,4,1
15437231,3,2,3,4,3,4,3,3,4,1
15437488,4,2,3,4,4,4,4,5,4,1
15438114,3,4,2,4,3,4,3,4,4,1
15438215,4,4,3,4,4,4,4,5,4,1
15438478,3,2,3,4,3,4,4,4,4,1
15438630,4,5,3,3,4,4,4,4,4,1
15438836,3,4,3,4,4,4,4,2,4,1
15439582,3,4,3,4,3,4,4,3,4,1
15441418,4,4,4,4,4,4,4,4,4,0
15441469,4,4,3,4,5,2,4,2,4,1
15442411,4,5,4,4,4,4,4,4,4,1
15442575,4,5,3,5,4,4,4,4,4,1
15444184,4,5,3,4,4,4,4,4,4,1
15445477,3,2,2,4,4,4,5,4,4,1
15445915,3,4,4,4,4,5,4,4,4,1
15447199,4,3,4,3,3,4,3,3,4,1
15448877,3,4,4,4,4,4,4,5,4,1
15448971,4,3,4,2,3,3,2,4,4,1
15449250,4,5,3,4,4,4,4,5,4,1
15449615,4,5,4,4,4,4,5,4,4,1
15450175,3,2,4,4,3,5,4,4,4,1
15451371,4,5,5,3,3,4,4,3,4,1
15451514,4,3,3,3,3,3,4,4,4,1
15455767,2,3,3,4,4,4,5,4,4,1
15455854,3,3,3,4,4,4,4,2,4,1
15456656,4,4,4,4,4,4,4,4,4,0
15457219,3,2,3,4,4,4,4,4,4,1
15458564,4,5,4,4,4,4,3,3,4,1
15459231,3,4,3,4,2,4,4,4,4,1
15459338,3,4,2,4,2,4,2,4,4,1
15461366,4,5,3,4,4,4,4,5,4,1
15461947,3,4,3,4,3,4,4,5,4,1
15466500,3,3,3,4,2,5,4,3,4,1
15466767,3,4,3,4,3,4,4,4,4,1
15469845,4,2,2,4,4,4,5,5,4,1
15471667,4,3,3,4,3,4,4,3,4,1
15473516,4,5,4,4,3,4,4,4,4,1
15475438,3,2,3,4,3,4,2,3,4,1
15475455,3,3,4,4,5,4,5,4,4,1
15477787,4,3,3,4,3,4,4,4,4,1
15477852,3,2,2,3,3,3,4,2,4,1
15477868,4,2,3,5,4,5,4,3,4,1
15477871,4,5,3,3,4,4,4,4,4,1
15477964,4,4,4,4,4,4,5,4,4,1
15481385,4,5,4,4,3,4,3,4,4,1
15483722,4,5,3,4,3,4,5,3,4,1
15485159,4,5,4,4,3,4,4,2,4,1
15485995,3,3,3,4,3,4,4,4,4,1
15487714,3,4,2,4,4,4,4,3,4,1
15487988,4,4,3,3,3,3,3,4,4,1
15488133,3,2,4,4,4,4,5,4,4,1
15488220,3,4,2,3,3,3,3,3,4,1
15489384,4,2,2,4,3,4,4,3,4,1
15489613,4,5,4,4,3,4,4,5,4,1
15489728,4,3,2,4,4,4,4,4,4,1
15495095,4,5,4,4,4,4,4,3,4,1
15497407,3,4,3,4,3,4,4,4,4,1
15498626,3,4,2,3,4,4,4,4,4,1
15501239,3,2,4,4,3,4,4,2,4,1
15506404,3,4,3,4,4,4,5,4,4,1
15507913,4,4,4,4,4,4,4,4,4,0
15508034,3,5,4,4,3,4,4,3,4,1
15509727,4,4,3,4,4,4,4,2,4,1
15510398,3,4,3,4,3,4,4,1,4,1
15511463,3,5,4,3,4,4,4,3,4,1
15512750,3,4,5,4,4,4,3,4,4,1
15512794,3,4,3,4,3,4,4,4,4,1
15513606,4,4,4,4,4,4,4,4,4,0
15514887,3,4,3,4,3,4,2,4,4,1
15515278,4,4,4,4,4,4,4,4,4,0
15515312,4,3,3,3,2,3,4,4,4,1
15516216,3,4,2,3,3,4,4,4,4,1
15516657,3,2,3,4,4,4,3,3,4,1
15517286,4,3,2,4,3,4,4,3,4,1
15517521,4,5,3,3,4,3,4,5,4,1
15517593,4,5,2,3,3,4,4,5,4,1
15518203,3,2,3,4,4,4,4,5,4,1
15518315,4,2,4,4,3,4,4,3,4,1
15518729,3,4,2,4,3,3,4,4,4,1
15519800,4,2,4,4,4,4,4,3,4,1
15522165,3,2,3,4,3,4,3,4,4,1
15531010,3,5,4,4,4,4,3,2,4,1
15531011,4,5,3,4,3,4,3,4,4,1
15531206,3,2,3,4,3,4,3,3,4,1
15532308,3,4,4,4,4,4,3,5,4,1
15534392,4,5,4,4,4,4,5,4,4,1
15541340,4,2,3,4,3,3,4,4,4,1
15546635,4,4,3,4,4,4,5,4,4,1
15546833,5,5,5,4,4,4,5,4,4,1
15546879,4,5,3,3,4,3,4,4,4,1
15549267,3,4,3,4,3,4,5,4,4,1
15553475,4,5,4,3,3,3,4,4,4,1
15555425,3,2,2,2,4,2,4,4,4,1
15555872,3,3,3,4,2,4,4,4,4,1
15564203,3,4,3,4,4,4,4,4,4,1
15564965,3,4,3,2,3,3,4,5,4,1
15565608,4,5,3,4,3,4,5,3,4,1
15572908,3,4,3,4,3,4,5,4,4,1
15588736,3,5,3,4,4,4,4,2,4,1
15590106,4,5,4,3,4,3,4,5,4,1
15595786,4,3,3,4,3,4,4,4,4,1
15598600,4,5,4,4,3,4,1,3,4,1
15599753,4,4,4,4,4,4,4,4,4,0
15602757,3,4,4,4,3,4,3,4,4,1
15603887,4,5,3,4,5,4,5,4,4,1
15606951,4,4,3,4,3,4,4,4,4,1
15621217,3,4,3,5,4,5,5,4,4,1
15621655,4,2,4,4,3,4,4,4,4,1
15625219,3,3,2,2,4,3,4,2,4,1
15627839,4,3,4,5,4,5,5,4,4,1
15629824,4,5,3,4,4,4,5,5,4,1
15635208,3,4,2,4,3,5,5,4,4,1
15635390,4,3,2,4,4,4,4,5,4,1
15641809,3,2,3,5,3,5,3,2,4,1
15652541,4,5,5,4,4,4,4,4,4,1
15653235,3,2,1,4,3,4,4,4,4,1
15654220,3,4,2,4,4,3,4,3,4,1
15661525,3,5,4,4,3,4,3,5,4,1
15676366,4,5,4,5,4,5,4,3,4,1
15677124,4,5,3,4,4,4,4,5,4,1
15679302,3,2,2,3,2,3,5,4,4,1
15679651,4,3,3,5,4,5,4,3,4,1
15680639,3,4,2,2,3,3,3,4,4,1
15681663,4,5,3,4,4,4,4,5,4,1
15682135,4,5,4,4,3,4,5,4,4,1
15682558,3,4,3,4,4,4,4,4,4,1
15682633,4,4,3,2,3,2,3,3,4,1
15684116,4,5,4,3,4,4,5,4,4,1
15685838,3,2,2,4,3,4,3,2,4,1
15686907,3,4,3,4,3,4,3,3,4,1
15686929,4,5,3,4,3,4,5,4,4,1
15688852,4,4,4,4,4,4,4,4,4,1
15689595,3,2,3,3,4,3,4,5,4,1
15689960,4,5,2,3,4,3,5,4,4,1
15690125,4,4,3,4,3,4,2,3,4,1
15695554,3,5,3,4,4,4,4,4,4,1
15695732,4,5,3,3,2,3,4,2,4,1
15698225,4,5,3,4,4,4,4,3,4,1
15703003,4,3,3,4,3,5,5,5,4,1
15705097,3,3,4,4,3,4,4,2,4,1
15707812,3,4,3,3,3,3,4,4,4,1
15743316,3,4,3,4,4,4,5,4,4,1
15758293,3,4,3,4,3,4,4,4,4,1
14766718,3,4,4,4,4,4,5,4,4,1
14766781,4,2,3,4,4,5,5,4,4,1
14772680,3,3,2,4,3,4,4,4,4,1
14777944,4,5,3,4,3,4,4,5,4,1
14778276,4,5,3,4,3,5,5,3,4,1
14779020,4,5,5,5,4,5,5,3,4,1
14789608,4,5,3,5,4,5,4,4,4,1
14807193,4,5,3,4,4,4,3,3,4,1
14814128,4,5,4,4,5,5,5,3,4,1
14845619,4,3,2,4,4,4,4,5,4,1
14853519,4,5,3,4,3,5,4,4,4,1
14855305,3,2,3,4,4,4,3,5,4,1
14861527,4,5,4,3,4,3,5,3,4,1
14897767,4,2,3,4,3,4,2,3,4,1
14923628,3,2,4,4,4,4,4,3,4,1
14932381,3,4,4,5,4,5,4,4,4,1
14935717,4,3,3,4,3,4,3,5,4,1
14953030,4,3,3,5,4,5,4,2,4,1
14957867,3,4,3,4,4,4,5,5,4,1
14957880,3,4,2,4,2,4,4,5,4,1
14963367,3,2,2,5,3,5,4,5,4,1
14970037,4,5,4,3,4,3,4,5,4,1
14976865,2,4,3,4,4,4,4,5,4,1
14988832,4,5,3,4,4,4,4,5,4,1
14990445,3,3,4,4,2,4,5,4,4,1
14990485,3,4,3,4,4,4,3,4,4,1
14990631,4,2,3,4,3,4,4,4,4,1
15004631,4,5,3,4,3,4,5,5,4,1
15010686,4,5,2,3,3,3,3,3,4,1
15011077,4,4,5,4,3,4,4,4,4,1
15020920,2,2,4,4,4,4,4,4,4,1
15022861,3,2,3,5,4,5,3,4,4,1
15028348,2,4,2,4,4,4,3,4,4,1
15028537,4,5,5,4,5,4,4,4,4,1
15029042,3,2,3,4,3,4,3,5,4,1
15034909,4,4,4,4,4,4,4,4,4,0
15038734,4,5,5,4,4,5,3,3,4,1
15056146,3,4,3,4,3,4,5,4,4,1
15060192,3,4,3,4,3,4,4,4,4,1
15061473,3,3,2,4,3,4,4,4,4,1
15061972,4,5,3,4,4,5,4,4,4,1
15064253,3,4,3,4,4,4,3,4,4,1
15066278,4,4,3,4,3,4,4,4,4,1
15067023,3,3,2,5,2,5,3,4,4,1
15070039,3,2,2,4,4,4,4,4,4,1
15071014,3,4,4,4,4,4,4,3,4,1
15074636,3,5,4,4,3,4,2,3,4,1
15091523,3,4,2,4,3,5,4,5,4,1
15092188,3,4,3,4,3,4,5,4,4,1
15093610,4,5,3,4,4,4,3,4,4,1
15094147,3,5,4,5,2,5,4,4,4,1
15094951,4,4,2,2,4,5,5,4,4,1
15108576,4,4,4,3,3,4,3,5,4,1
15118200,3,4,3,4,4,4,4,3,4,1
15152301,3,5,4,4,4,4,4,3,4,1
15161673,4,3,4,4,3,4,3,4,4,1
15169725,4,3,5,5,4,5,4,5,4,1
15170141,3,4,4,5,3,5,5,4,4,1
15174303,4,5,2,4,4,4,5,3,4,1
15176107,4,5,4,4,3,4,4,3,4,1
15179173,4,3,4,4,4,4,4,5,4,1
15181407,4,5,5,3,3,4,5,4,4,1
15182262,4,5,4,3,4,4,5,4,4,1
15185103,4,3,2,3,4,4,4,5,4,1
15195217,4,4,2,3,2,3,3,3,4,1
15195239,4,4,3,4,5,4,5,4,4,1
15197088,3,4,2,4,4,4,4,3,4,1
15205093,4,2,2,4,4,4,4,4,4,1
15206901,4,4,3,4,4,4,4,4,4,1
15209254,5,5,4,5,4,5,5,3,4,1
15210814,3,2,2,4,3,5,3,3,4,1
15215516,4,5,4,4,4,4,5,4,4,1
15216971,4,2,5,5,4,5,4,4,4,1
15218324,3,3,2,3,4,3,5,3,4,1
15218569,3,4,2,4,3,4,4,5,4,1
15224863,4,5,4,4,4,4,4,4,4,1
15227292,4,4,3,4,4,4,4,5,4,1
15227966,4,4,3,4,4,4,4,4,4,1
15229623,4,4,4,3,4,4,4,4,4,1
15229802,3,4,3,4,4,4,4,5,4,1
15230071,3,4,4,4,4,4,4,4,4,1
15231564,4,4,2,4,4,4,4,5,4,1
15231635,4,5,5,4,4,4,4,3,4,1
15244013,3,4,2,4,3,4,4,4,4,1
15246084,4,4,4,4,4,4,4,4,4,0
15250491,3,4,4,3,4,3,4,4,4,1
15250571,4,4,4,4,4,4,4,4,4,0
15252514,4,5,4,4,4,4,4,5,4,1
15258834,5,3,3,4,4,5,5,5,4,1
15262027,3,4,2,4,4,4,3,3,4,1
15262036,3,3,2,4,3,4,4,3,4,1
15264845,5,4,3,4,4,5,5,4,4,1
15266339,4,5,4,4,4,4,4,3,4,1
15267755,4,3,3,4,3,4,4,4,4,1
15267968,4,4,4,4,4,4,5,4,4,1
15268989,4,4,3,4,4,5,4,4,4,1
15270419,4,4,2,3,3,4,4,4,4,1
15272309,4,5,4,4,4,4,3,4,4,1
15275255,4,2,3,4,3,4,5,5,4,1
15277361,3,5,4,3,4,3,5,5,4,1
15279823,4,3,3,5,4,5,3,4,4,1
15280062,4,4,5,3,3,4,4,4,4,1
15281868,3,3,3,4,2,4,4,2,4,1
15284793,3,4,2,3,4,3,3,4,4,1
15288224,3,4,4,5,4,5,5,4,4,1
15291196,4,5,4,4,3,4,4,2,4,1
15294631,4,3,2,4,3,4,4,2,4,1
15295059,4,3,4,4,4,4,5,5,4,1
15300683,3,4,4,5,4,5,5,5,4,1
15304611,4,5,3,3,4,4,4,4,4,1
15309058,4,4,3,3,4,4,4,4,4,1
15309132,4,4,4,4,4,4,4,4,4,0
15309433,4,4,3,4,3,4,4,4,4,1
15323545,4,4,4,4,3,4,4,4,4,1
15324771,3,5,4,4,4,4,3,3,4,1
15325015,3,2,2,4,4,4,4,4,4,1
15326180,4,5,3,5,4,5,4,4,4,1
15329948,4,4,5,5,4,5,5,4,4,1
15345866,4,5,3,4,3,4,4,4,4,1
15346474,3,4,2,4,4,4,4,4,4,1
15347264,4,5,4,4,4,4,4,4,4,1
15351024,4,4,3,4,5,4,5,4,4,1
15361812,3,2,4,4,3,4,4,4,4,1
15364058,3,4,3,5,4,5,4,2,4,1
15366530,3,4,2,4,3,4,3,4,4,1
15367891,4,5,5,4,3,4,4,5,4,1
15367947,3,4,3,4,3,4,4,2,4,1
15383126,3,4,3,5,4,5,4,3,4,1
15387818,3,4,3,3,2,3,3,3,4,1
15391415,4,2,3,4,4,4,3,3,4,1
15392853,3,3,2,4,4,4,4,2,4,1
15393847,3,4,2,4,5,4,5,3,4,1
15394895,3,2,3,4,5,4,5,4,4,1
15402272,3,4,3,4,4,4,5,4,4,1
15402453,3,2,2,4,3,4,4,3,4,1
15402707,3,2,3,4,3,4,3,3,4,1
15409713,3,4,4,4,3,4,4,4,4,1
15410342,3,2,2,4,3,4,4,3,4,1
15419678,3,4,2,5,4,5,3,3,4,1
15424896,3,5,4,3,3,3,3,4,4,1
15424901,3,4,2,5,3,5,4,3,4,1
15427148,4,4,4,4,4,4,4,4,4,0
15427908,3,4,3,4,4,4,4,3,4,1
15428472,5,4,4,4,3,4,3,4,4,1
15430238,3,2,4,3,3,3,2,3,4,1
15430442,4,5,3,4,4,4,5,4,4,1
15432557,4,4,3,4,4,5,4,3,4,1
15433777,3,2,2,4,4,4,5,5,4,1
15434482,4,5,3,4,4,4,4,5,4,1
15436579,3,4,3,4,3,4,3,4,4,1
15437711,4,4,4,4,4,4,4,4,4,0
15438296,4,5,5,4,4,4,4,5,4,1
15440419,4,4,2,4,4,4,4,4,4,1
15441725,4,5,4,4,4,3,4,5,4,1
15442736,4,4,3,3,4,4,3,4,4,1
15445613,4,2,4,4,4,4,4,3,4,1
15446658,4,2,3,4,4,4,4,5,4,1
15448055,4,5,3,3,3,4,3,4,4,1
15448227,3,5,4,4,4,4,5,4,4,1
15448820,4,5,5,5,5,5,5,5,4,1
15448901,3,3,4,4,4,4,4,3,4,1
15448918,3,5,3,4,4,4,5,4,4,1
15450572,3,4,4,5,4,5,3,4,4,1
15451876,3,2,3,4,4,4,4,3,4,1
15452329,4,5,3,4,4,4,3,3,4,1
15456578,4,5,3,5,4,5,5,4,4,1
15456673,3,2,3,4,3,4,4,5,4,1
15460125,4,4,4,4,4,4,4,4,4,0
15460720,4,4,2,4,4,4,3,3,4,1
15461696,4,3,3,4,2,4,4,3,4,1
15462418,4,3,3,4,4,4,5,5,4,1
15462780,4,2,2,4,4,5,4,5,4,1
15463153,4,5,4,3,4,3,3,5,4,1
15463201,4,5,4,4,4,4,5,5,4,1
15463523,4,5,3,4,4,4,5,5,4,1
15463765,3,4,3,4,4,4,5,4,4,1
15468442,4,5,4,4,4,4,4,5,4,1
15470878,3,2,3,4,3,4,3,3,4,1
15471669,4,5,4,5,4,5,4,4,4,1
15471826,3,5,3,4,3,4,3,3,4,1
15471892,4,5,3,4,3,4,3,2,4,1
15474835,3,4,3,4,3,4,3,5,4,1
15476852,4,4,4,4,4,4,4,4,4,0
15478499,3,2,2,4,3,4,4,3,4,1
15479351,4,4,2,4,4,4,5,5,4,1
15479930,4,2,3,4,3,4,5,4,4,1
15481660,4,5,4,4,4,4,5,5,4,1
15483452,4,5,5,4,4,4,4,4,4,1
15483686,4,2,4,4,4,4,3,4,4,1
15484128,3,4,3,3,3,3,3,4,4,1
15484693,3,4,4,4,4,4,5,3,4,1
15488175,4,5,4,4,4,4,5,4,4,1
15490512,4,3,3,5,4,5,4,4,4,1
15492843,4,4,4,4,4,4,4,4,4,0
15493595,4,4,4,4,4,4,4,4,4,0
15493804,4,3,4,5,3,5,4,2,4,1
15494148,4,4,3,5,4,5,3,2,4,1
15494647,3,3,2,3,4,4,4,5,4,1
15496491,3,4,2,4,4,4,4,4,4,1
15496509,3,2,2,4,3,4,4,4,4,1
15499256,3,4,3,4,3,4,4,5,4,1
15499747,4,5,4,4,4,4,5,5,4,1
15499891,3,5,4,4,5,5,4,4,4,1
15500233,3,3,3,4,3,4,3,2,4,1
15500619,4,5,4,4,4,4,5,5,4,1
15500700,4,4,5,4,3,4,4,5,4,1
15505605,3,2,4,5,4,5,3,4,4,1
15505853,4,4,3,4,3,4,4,3,4,1
15506314,4,5,3,4,4,4,4,5,4,1
15506661,3,5,4,4,3,4,4,3,4,1
15507164,3,4,2,4,4,4,5,4,4,1
15507208,4,4,4,4,4,4,4,4,4,0
15507433,4,5,4,4,3,4,5,4,4,1
15508127,3,4,3,4,3,4,3,3,4,1
15510835,3,4,4,4,4,4,3,3,4,1
15513472,4,4,4,4,4,4,4,4,4,0
15515250,4,2,2,4,4,4,3,3,4,1
15515854,4,5,3,4,4,4,4,5,4,1
15515855,4,3,4,5,4,5,5,4,4,1
15516251,4,5,3,4,4,4,4,4,4,1
15516570,4,5,3,4,3,4,2,3,4,1
15516861,4,5,3,4,3,3,4,2,4,1
15516921,4,5,3,4,4,4,4,5,4,1
15516953,4,4,4,4,4,4,4,4,4,0
15517330,4,3,3,4,4,4,5,5,4,1
15517783,3,4,2,4,3,4,4,2,4,1
15518115,4,3,3,4,3,5,4,5,4,1
15518376,4,5,4,4,3,4,4,3,4,1
15518470,4,5,4,4,5,4,5,5,4,1
15518717,4,3,4,4,4,4,5,4,4,1
15519360,3,4,3,3,3,3,5,4,4,1
15519447,4,5,3,4,3,4,4,4,4,1
15519448,4,4,3,4,4,4,4,4,4,1
15519646,3,2,4,4,3,4,3,3,4,1
15519867,3,4,5,4,4,4,4,3,4,1
15520325,3,4,2,4,3,5,4,4,4,1
15520708,4,5,3,4,4,4,5,4,4,1
15520943,4,4,3,3,4,4,5,4,4,1
15521066,4,4,4,5,4,5,4,4,4,1
15521434,4,5,3,4,4,4,5,4,4,1
15521504,4,5,5,4,4,4,5,5,4,1
15521608,4,4,3,4,4,4,4,5,4,1
15522236,3,2,3,4,3,4,5,3,4,1
15522406,4,4,5,3,3,4,4,5,4,1
15523315,4,5,3,3,3,3,4,3,4,1
15523679,4,5,4,4,3,4,4,4,4,1
15524588,4,4,3,3,2,3,4,4,4,1
15524984,4,2,2,4,4,4,4,5,4,1
15525082,4,3,3,4,4,4,5,5,4,1
15525222,4,5,4,4,4,4,4,5,4,1
15525663,4,5,4,3,4,3,2,4,4,1
15526169,4,3,2,3,4,3,4,5,4,1
15526204,3,4,3,4,3,4,4,3,4,1
15526953,3,2,3,4,4,4,4,4,4,1
15527467,3,4,3,4,3,4,4,4,4,1
15530159,3,2,3,4,3,4,4,3,4,1
15531230,3,4,3,4,3,4,3,3,4,1
15533795,4,4,3,4,4,4,5,5,4,1
15534011,4,4,2,4,4,5,4,4,4,1
15534832,3,5,4,3,3,4,3,4,4,1
15539504,3,4,3,4,3,4,4,4,4,1
15547309,4,5,3,3,4,4,5,4,4,1
15551899,4,2,2,4,3,4,4,3,4,1
15552219,4,3,4,4,4,4,4,3,4,1
15555467,3,5,4,4,4,4,4,4,4,1
15562165,4,5,5,4,3,4,4,4,4,1
15569367,3,4,5,4,4,4,5,5,4,1
15573364,4,5,4,5,4,5,3,3,4,1
15573644,4,2,4,4,4,4,3,5,4,1
15575056,4,5,4,4,4,4,5,5,4,1
15586059,4,4,3,4,4,3,4,5,4,1
15587326,3,5,4,4,4,4,4,4,4,1
15588886,4,5,3,4,4,4,5,4,4,1
15589116,4,3,4,2,3,4,4,5,4,1
15599000,4,5,4,4,4,5,4,5,4,1
15602141,4,5,3,4,4,5,4,5,4,1
15603559,3,2,2,4,3,4,4,2,4,1
15603866,3,3,2,4,3,4,3,3,4,1
15604350,4,2,4,4,4,4,4,4,4,1
15605407,4,4,4,4,4,4,5,3,4,1
15606009,4,5,4,4,4,4,3,3,4,1
15621232,4,2,3,5,4,5,4,4,4,1
15624023,4,5,3,4,4,4,4,3,4,1
15625080,4,5,3,3,4,3,4,4,4,1
15626130,4,4,4,4,4,4,5,4,4,1
15635496,4,5,3,4,4,4,4,5,4,1
15637538,4,5,3,4,3,4,5,4,4,1
15637923,4,3,3,4,5,4,4,2,4,1
15638068,3,5,3,4,4,4,3,4,4,1
15639990,4,4,3,4,4,4,5,5,4,1
15644766,4,5,3,4,3,4,4,4,4,1
15646137,4,5,4,4,4,4,5,3,4,1
15649534,4,4,3,4,4,4,4,5,4,1
15650154,4,2,2,4,4,4,5,4,4,1
15652789,4,5,4,4,4,4,5,5,4,1
15658418,4,5,4,5,4,5,5,3,4,1
15659473,3,4,2,4,3,4,5,4,4,1
15661254,3,5,3,4,4,4,4,4,4,1
15662274,4,5,4,4,3,4,4,4,4,1
15670092,3,4,2,4,2,4,4,2,4,1
15670735,4,5,4,4,4,4,5,5,4,1
15671656,3,4,2,4,4,4,4,3,4,1
15672315,4,5,4,4,4,4,3,4,4,1
15674495,3,3,3,4,3,4,4,4,4,1
15674873,4,3,4,5,3,5,4,2,4,1
15674999,4,2,2,4,3,4,5,3,4,1
15677449,4,3,3,4,4,4,4,3,4,1
15678077,3,4,2,4,4,4,5,3,4,1
15679210,3,4,3,4,3,4,3,2,4,1
15679344,4,5,4,4,3,4,3,4,4,1
15679666,3,4,4,4,3,4,4,3,4,1
15680000,4,4,3,3,3,4,4,4,4,1
15680007,4,4,3,4,4,4,5,5,4,1
15681090,3,2,3,4,3,4,4,3,4,1
15681101,4,4,2,4,4,4,4,5,4,1
15681964,3,5,4,4,3,4,3,2,4,1
15682374,3,4,3,4,4,4,4,3,4,1
15683704,4,5,2,4,4,4,5,4,4,1
15683846,4,4,3,4,4,4,4,4,4,1
15686195,3,5,4,4,4,4,4,4,4,1
15687889,3,4,3,4,4,4,4,4,4,1
15687944,3,4,2,4,4,4,4,3,4,1
15690619,3,4,4,3,4,4,3,4,4,1
15692680,4,5,4,5,4,5,5,5,4,1
15694024,4,2,4,4,3,4,3,4,4,1
15696915,3,4,2,4,4,4,3,3,4,1
15699596,3,2,3,4,4,4,4,4,4,1
15702966,4,4,2,4,4,4,4,4,4,1
15711409,4,5,5,3,3,3,3,4,4,1
15712172,3,2,4,4,4,4,4,3,4,1
15715271,4,5,3,3,3,3,3,3,4,1
15715833,4,5,4,4,4,4,3,4,4,1
15717901,2,4,4,4,2,4,4,4,4,1
15719172,4,5,4,4,4,4,4,3,4,1
15719710,4,5,4,3,4,3,4,4,4,1
15720273,4,5,3,3,4,4,4,5,4,1
15721512,3,4,4,3,4,3,4,4,4,1
15721755,4,5,4,4,3,4,4,4,4,1
15723042,4,5,3,4,4,4,4,4,4,1
15723416,3,4,3,3,4,3,4,4,4,1
15723766,4,2,3,4,3,4,1,3,4,1
15724504,4,4,4,5,4,5,5,3,4,1
15729705,3,2,4,4,4,4,5,4,4,1
15729815,3,2,3,4,4,4,3,4,4,1
15731590,4,4,5,4,4,4,4,3,4,1
15731603,4,4,3,4,4,4,4,4,4,1
15734815,3,2,2,4,4,4,4,3,4,1
15734835,3,4,4,4,4,4,5,3,4,1
15735897,3,4,3,4,4,4,4,4,4,1
15737498,4,5,4,4,5,4,4,3,4,1
15737563,3,4,5,4,2,4,4,4,4,1
15738871,4,4,3,4,4,4,4,3,4,1
15739300,4,5,5,4,3,4,4,3,4,1
15739724,3,4,3,4,4,4,5,4,4,1
15740295,4,5,3,4,3,4,4,3,4,1
15744685,3,2,2,4,3,4,4,4,4,1
15745240,3,2,3,4,4,4,3,4,4,1
15747138,4,5,3,4,3,4,3,4,4,1
15749455,4,5,3,5,4,5,4,3,4,1
15750539,4,3,3,4,3,4,4,4,4,1
15751958,4,4,3,3,4,4,4,4,4,1
15752263,4,4,4,4,3,4,3,4,4,1
15752779,4,2,3,4,4,4,3,4,4,1
15752950,4,5,3,4,3,4,4,5,4,1
15753808,4,4,3,4,3,4,3,4,4,1
15754112,3,2,3,4,3,4,5,4,4,1
15754182,3,3,3,4,4,4,5,4,4,1
15754359,4,3,3,4,4,4,4,4,4,1
15754823,3,5,4,4,4,4,4,5,4,1
15755394,3,5,4,4,3,4,4,4,4,1
15755721,4,3,3,4,4,4,4,3,4,1
15756111,4,3,2,4,4,4,5,5,4,1
15756379,3,4,4,4,3,4,4,5,4,1
15757089,3,2,3,3,4,3,4,3,4,1
15757337,4,5,3,4,4,4,4,4,4,1
15757535,4,5,3,4,3,4,5,3,4,1
15757664,3,4,2,4,3,4,4,2,4,1
15758389,4,5,5,4,4,4,5,4,4,1
15759628,3,4,2,4,3,4,4,2,4,1
15762101,4,4,3,4,4,4,5,4,4,1
15762433,4,5,5,4,3,4,5,3,4,1
15762677,4,5,4,4,4,4,4,3,4,1
15768547,3,4,3,3,3,4,3,4,4,1
15768951,4,5,3,5,4,5,4,4,4,1
15771574,3,2,3,3,4,4,5,4,4,1
15771602,4,5,5,4,4,4,3,3,4,1
15773009,4,5,3,4,4,4,5,5,4,1
15774294,4,2,2,4,3,4,4,5,4,1
15775325,3,2,2,3,4,3,4,4,4,1
15775353,3,4,4,4,2,4,4,3,4,1
15777167,3,4,4,4,4,4,3,4,4,1
15778051,3,5,4,4,3,4,2,4,4,1
15780409,4,5,3,4,4,4,5,5,4,1
15780927,4,2,2,4,3,4,5,5,4,1
15783956,4,5,3,4,3,4,3,4,4,1
15786785,4,4,4,4,4,4,4,4,4,0
15790488,4,4,4,4,4,4,4,4,4,0
15790885,4,4,3,4,4,4,3,4,4,1
15792009,4,4,4,4,4,4,4,4,4,0
15792566,3,4,3,4,3,4,4,3,4,1
15799117,4,4,4,4,4,4,4,4,4,0
15800392,3,5,3,4,4,4,4,4,4,1
15800906,3,3,4,4,3,4,5,5,4,1
15800907,3,2,3,4,3,4,5,5,4,1
15804463,4,2,3,4,3,4,3,3,4,1
15807396,3,2,3,4,4,4,4,3,4,1
15809554,4,5,2,4,4,4,5,3,4,1
15810887,3,4,4,4,4,5,4,5,4,1
15811834,3,5,4,4,3,4,4,4,4,1
15811998,4,5,3,4,5,4,5,4,4,1
15812014,3,4,2,4,4,4,3,4,4,1
15815466,4,5,4,4,4,4,4,4,4,1
15816186,4,3,5,4,3,4,4,4,4,1
15817912,3,5,4,4,4,4,4,3,4,1
15818463,3,4,2,4,3,4,3,4,4,1
15818555,4,4,3,3,4,4,4,4,4,1
15820553,4,4,3,4,4,4,4,4,4,1
15821528,4,5,3,3,3,4,3,4,4,1
15826215,4,5,3,4,4,3,5,4,4,1
15832044,4,4,2,4,4,4,4,5,4,1
15832595,4,5,3,4,4,4,3,3,4,1
15834803,4,5,3,4,4,4,4,5,4,1
15837001,4,4,4,4,3,4,3,5,4,1
15841587,4,5,4,4,3,4,5,5,4,1
15843466,3,2,3,3,3,3,3,4,4,1
15843657,4,4,3,4,4,4,4,3,4,1
15847743,4,3,3,3,3,3,4,5,4,1
15850875,3,5,4,4,3,5,3,4,4,1
15851930,4,5,3,4,4,4,3,3,4,1
15854583,3,4,2,4,2,4,4,3,4,1
15866725,3,4,3,4,4,4,4,4,4,1
15866833,4,4,2,4,4,3,5,4,4,1
15868468,4,5,3,4,5,4,4,4,4,1
15870829,4,5,3,4,4,4,4,3,4,1
15873750,3,4,2,4,3,4,3,4,4,1
15877483,4,4,5,4,3,4,4,2,4,1
15884664,4,5,3,4,4,4,4,4,4,1
15908026,3,5,4,4,4,4,5,4,4,1
15908812,3,3,3,4,4,4,4,4,4,1
15914896,3,4,2,4,4,4,5,5,4,1
15918001,4,5,4,4,4,4,5,4,4,1
15919853,4,5,5,3,3,3,4,5,4,1
15922438,3,3,3,4,3,4,4,3,4,1
15929639,4,5,4,4,4,4,5,3,4,1
15935804,4,3,3,4,4,4,3,3,4,1
15936237,3,4,3,4,3,4,4,2,4,1
15939329,4,5,3,4,4,4,4,4,4,1
15939492,4,2,3,3,3,3,4,3,4,1
15939683,4,4,3,4,4,4,4,3,4,1
15940276,4,4,4,4,4,4,4,4,4,0
15943234,4,4,4,5,3,5,4,3,4,1
15945004,4,3,5,5,4,5,4,4,4,1
15946375,4,5,4,4,3,4,4,3,4,1
15947100,5,5,3,4,4,4,4,3,4,1
15950470,4,4,3,4,4,4,3,4,4,1
15951191,4,3,3,4,4,4,4,4,4,1
15951245,4,4,4,4,4,4,4,4,4,0
15952232,3,4,2,3,3,3,5,4,4,1
15952449,3,4,2,3,3,3,4,3,4,1
15953040,4,5,3,4,4,4,4,3,4,1
15953268,4,5,3,3,3,3,5,4,4,1
15953301,4,5,4,4,3,4,5,3,4,1
15954223,4,5,4,4,4,4,4,5,4,1
15954373,3,4,4,3,4,3,5,4,4,1
15955092,4,3,3,4,3,5,4,5,4,1
15955687,4,2,4,3,3,4,2,4,4,1
15957284,4,3,3,4,4,4,5,4,4,1
15957600,3,4,2,4,3,4,3,5,4,1
15957664,3,3,2,4,4,4,5,3,4,1
15958526,4,3,3,4,4,4,5,4,4,1
15958550,3,4,2,4,2,4,3,4,4,1
15960093,4,5,3,4,4,4,5,4,4,1
15960183,3,4,3,4,4,4,3,3,4,1
15960655,4,5,4,4,4,4,4,4,4,1
15967665,4,3,3,4,4,4,4,4,4,1
15969643,3,4,2,3,4,3,4,3,4,1
15973462,4,4,4,4,4,4,4,4,4,0
15981215,3,3,4,4,4,4,4,4,4,1
15982853,3,4,3,2,3,3,3,4,4,1
15990601,4,2,2,4,4,4,5,4,4,1
15993530,4,4,4,4,4,4,4,4,4,0
16008187,4,4,5,5,4,5,5,4,4,1
16024410,3,2,4,4,4,4,4,3,4,1
16056726,4,5,4,4,4,4,5,2,4,1
16064641,4,4,4,4,4,4,4,4,4,0
16068386,3,4,4,4,4,4,5,3,4,1
16091417,4,4,4,4,4,4,4,4,4,0
